unix_ts	ok	allocated	active	resident	sql_reserved	fetch_reserved	fetch_cache_resident	catalog_cache_resident	handoff_overlap	budget_limit	accounted	gap	vmrss_bytes	rssanon_bytes	bg_thread	raw_series
1791483071.463	1	5049936	5898240	15511552	0	0	0	0	0	4400000000	0	15511552	43450368	9105408	1	ravel_process_allocator_bytes{mode="all",allocator="jemalloc",stat="allocated"}=5049936;ravel_process_allocator_bytes{mode="all",allocator="jemalloc",stat="active"}=5898240;ravel_process_allocator_bytes{mode="all",allocator="jemalloc",stat="resident"}=15511552;ravel_process_allocator_background_thread{mode="all",allocator="jemalloc"}=1;ravel_cache_resident_bytes{mode="all",cache="fetch"}=0;ravel_cache_resident_bytes{mode="all",cache="catalog"}=0;ravel_memory_budget_bytes{mode="all"}=4400000000;ravel_memory_reserved_bytes{mode="all",component="sql"}=0;ravel_memory_reserved_bytes{mode="all",component="fetch"}=0;ravel_memory_handoff_overlap_bytes{mode="all"}=0
1791483076.464	1	804028992	816680960	1475346432	440887576	30696001	137694849	0	30696001	4400000000	609278426	866068006	1374232576	1300213760	1	ravel_process_allocator_bytes{mode="all",allocator="jemalloc",stat="allocated"}=804028992;ravel_process_allocator_bytes{mode="all",allocator="jemalloc",stat="active"}=816680960;ravel_process_allocator_bytes{mode="all",allocator="jemalloc",stat="resident"}=1475346432;ravel_process_allocator_background_thread{mode="all",allocator="jemalloc"}=1;ravel_cache_resident_bytes{mode="all",cache="fetch"}=137694849;ravel_cache_resident_bytes{mode="all",cache="catalog"}=0;ravel_memory_budget_bytes{mode="all"}=4400000000;ravel_memory_reserved_bytes{mode="all",component="sql"}=440887576;ravel_memory_reserved_bytes{mode="all",component="fetch"}=30696001;ravel_memory_handoff_overlap_bytes{mode="all"}=30696001
1791483081.463	1	1961880424	1978425344	3737980928	150825	200254439	1213908950	0	200254439	4400000000	1414314214	2323666714	3735150592	3660046336	1	ravel_process_allocator_bytes{mode="all",allocator="jemalloc",stat="allocated"}=1961880424;ravel_process_allocator_bytes{mode="all",allocator="jemalloc",stat="active"}=1978425344;ravel_process_allocator_bytes{mode="all",allocator="jemalloc",stat="resident"}=3737980928;ravel_process_allocator_background_thread{mode="all",allocator="jemalloc"}=1;ravel_cache_resident_bytes{mode="all",cache="fetch"}=1213908950;ravel_cache_resident_bytes{mode="all",cache="catalog"}=0;ravel_memory_budget_bytes{mode="all"}=4400000000;ravel_memory_reserved_bytes{mode="all",component="sql"}=150825;ravel_memory_reserved_bytes{mode="all",component="fetch"}=200254439;ravel_memory_handoff_overlap_bytes{mode="all"}=200254439
1791483086.463	1	3081714056	3105902592	4588490752	229859984	22895308	2676281139	0	22895308	4400000000	2929036431	1659454321	4595724288	4519292928	1	ravel_process_allocator_bytes{mode="all",allocator="jemalloc",stat="allocated"}=3081714056;ravel_process_allocator_bytes{mode="all",allocator="jemalloc",stat="active"}=3105902592;ravel_process_allocator_bytes{mode="all",allocator="jemalloc",stat="resident"}=4588490752;ravel_process_allocator_background_thread{mode="all",allocator="jemalloc"}=1;ravel_cache_resident_bytes{mode="all",cache="fetch"}=2676281139;ravel_cache_resident_bytes{mode="all",cache="catalog"}=0;ravel_memory_budget_bytes{mode="all"}=4400000000;ravel_memory_reserved_bytes{mode="all",component="sql"}=229859984;ravel_memory_reserved_bytes{mode="all",component="fetch"}=22895308;ravel_memory_handoff_overlap_bytes{mode="all"}=22895308
1791483091.463	1	3721865152	3749019648	6582255616	730715819	189858749	2683739289	0	189858749	4400000000	3604313857	2977941759	6340136960	6263361536	1	ravel_process_allocator_bytes{mode="all",allocator="jemalloc",stat="allocated"}=3721865152;ravel_process_allocator_bytes{mode="all",allocator="jemalloc",stat="active"}=3749019648;ravel_process_allocator_bytes{mode="all",allocator="jemalloc",stat="resident"}=6582255616;ravel_process_allocator_background_thread{mode="all",allocator="jemalloc"}=1;ravel_cache_resident_bytes{mode="all",cache="fetch"}=2683739289;ravel_cache_resident_bytes{mode="all",cache="catalog"}=0;ravel_memory_budget_bytes{mode="all"}=4400000000;ravel_memory_reserved_bytes{mode="all",component="sql"}=730715819;ravel_memory_reserved_bytes{mode="all",component="fetch"}=189858749;ravel_memory_handoff_overlap_bytes{mode="all"}=189858749
1791483096.463	1	2739554152	2765684736	4267069440	326504	2919564	2683739289	0	2919564	4400000000	2686985357	1580084083	4254441472	4177338368	1	ravel_process_allocator_bytes{mode="all",allocator="jemalloc",stat="allocated"}=2739554152;ravel_process_allocator_bytes{mode="all",allocator="jemalloc",stat="active"}=2765684736;ravel_process_allocator_bytes{mode="all",allocator="jemalloc",stat="resident"}=4267069440;ravel_process_allocator_background_thread{mode="all",allocator="jemalloc"}=1;ravel_cache_resident_bytes{mode="all",cache="fetch"}=2683739289;ravel_cache_resident_bytes{mode="all",cache="catalog"}=0;ravel_memory_budget_bytes{mode="all"}=4400000000;ravel_memory_reserved_bytes{mode="all",component="sql"}=326504;ravel_memory_reserved_bytes{mode="all",component="fetch"}=2919564;ravel_memory_handoff_overlap_bytes{mode="all"}=2919564
1791483101.466	1	5020522624	5059018752	8671944704	1743985785	122899461	2683739289	0	122899461	4400000000	4550624535	4121320169	8245657600	8168497152	1	ravel_process_allocator_bytes{mode="all",allocator="jemalloc",stat="allocated"}=5020522624;ravel_process_allocator_bytes{mode="all",allocator="jemalloc",stat="active"}=5059018752;ravel_process_allocator_bytes{mode="all",allocator="jemalloc",stat="resident"}=8671944704;ravel_process_allocator_background_thread{mode="all",allocator="jemalloc"}=1;ravel_cache_resident_bytes{mode="all",cache="fetch"}=2683739289;ravel_cache_resident_bytes{mode="all",cache="catalog"}=0;ravel_memory_budget_bytes{mode="all"}=4400000000;ravel_memory_reserved_bytes{mode="all",component="sql"}=1743985785;ravel_memory_reserved_bytes{mode="all",component="fetch"}=122899461;ravel_memory_handoff_overlap_bytes{mode="all"}=122899461
1791483106.463	1	5194941040	5243035648	8402632704	1707361824	92753033	2683739289	0	92753033	4400000000	4483854146	3918778558	8028037120	7950876672	1	ravel_process_allocator_bytes{mode="all",allocator="jemalloc",stat="allocated"}=5194941040;ravel_process_allocator_bytes{mode="all",allocator="jemalloc",stat="active"}=5243035648;ravel_process_allocator_bytes{mode="all",allocator="jemalloc",stat="resident"}=8402632704;ravel_process_allocator_background_thread{mode="all",allocator="jemalloc"}=1;ravel_cache_resident_bytes{mode="all",cache="fetch"}=2683739289;ravel_cache_resident_bytes{mode="all",cache="catalog"}=0;ravel_memory_budget_bytes{mode="all"}=4400000000;ravel_memory_reserved_bytes{mode="all",component="sql"}=1707361824;ravel_memory_reserved_bytes{mode="all",component="fetch"}=92753033;ravel_memory_handoff_overlap_bytes{mode="all"}=92753033
1791483111.464	1	6044936208	6080655360	9440833536	2881932742	15175057	2691650939	0	15175057	4400000000	5588758738	3852074798	9307295744	9230135296	1	ravel_process_allocator_bytes{mode="all",allocator="jemalloc",stat="allocated"}=6044936208;ravel_process_allocator_bytes{mode="all",allocator="jemalloc",stat="active"}=6080655360;ravel_process_allocator_bytes{mode="all",allocator="jemalloc",stat="resident"}=9440833536;ravel_process_allocator_background_thread{mode="all",allocator="jemalloc"}=1;ravel_cache_resident_bytes{mode="all",cache="fetch"}=2691650939;ravel_cache_resident_bytes{mode="all",cache="catalog"}=0;ravel_memory_budget_bytes{mode="all"}=4400000000;ravel_memory_reserved_bytes{mode="all",component="sql"}=2881932742;ravel_memory_reserved_bytes{mode="all",component="fetch"}=15175057;ravel_memory_handoff_overlap_bytes{mode="all"}=15175057
1791483116.465	1	4821309192	4857782272	8461971456	1608545487	155468492	2691650939	0	155468492	4400000000	4455664918	4006306538	8419905536	8342745088	1	ravel_process_allocator_bytes{mode="all",allocator="jemalloc",stat="allocated"}=4821309192;ravel_process_allocator_bytes{mode="all",allocator="jemalloc",stat="active"}=4857782272;ravel_process_allocator_bytes{mode="all",allocator="jemalloc",stat="resident"}=8461971456;ravel_process_allocator_background_thread{mode="all",allocator="jemalloc"}=1;ravel_cache_resident_bytes{mode="all",cache="fetch"}=2691650939;ravel_cache_resident_bytes{mode="all",cache="catalog"}=0;ravel_memory_budget_bytes{mode="all"}=4400000000;ravel_memory_reserved_bytes{mode="all",component="sql"}=1608545487;ravel_memory_reserved_bytes{mode="all",component="fetch"}=155468492;ravel_memory_handoff_overlap_bytes{mode="all"}=155468492
1791483121.463	1	5020678344	5061771264	8500461568	1110055205	346536968	2691650939	0	346536968	4400000000	4148243112	4352218456	7970918400	7893757952	1	ravel_process_allocator_bytes{mode="all",allocator="jemalloc",stat="allocated"}=5020678344;ravel_process_allocator_bytes{mode="all",allocator="jemalloc",stat="active"}=5061771264;ravel_process_allocator_bytes{mode="all",allocator="jemalloc",stat="resident"}=8500461568;ravel_process_allocator_background_thread{mode="all",allocator="jemalloc"}=1;ravel_cache_resident_bytes{mode="all",cache="fetch"}=2691650939;ravel_cache_resident_bytes{mode="all",cache="catalog"}=0;ravel_memory_budget_bytes{mode="all"}=4400000000;ravel_memory_reserved_bytes{mode="all",component="sql"}=1110055205;ravel_memory_reserved_bytes{mode="all",component="fetch"}=346536968;ravel_memory_handoff_overlap_bytes{mode="all"}=346536968
1791483126.464	1	4112127320	4151590912	8405667840	858606528	285443697	2691650939	0	285443697	4400000000	3835701164	4569966676	8172290048	8095129600	1	ravel_process_allocator_bytes{mode="all",allocator="jemalloc",stat="allocated"}=4112127320;ravel_process_allocator_bytes{mode="all",allocator="jemalloc",stat="active"}=4151590912;ravel_process_allocator_bytes{mode="all",allocator="jemalloc",stat="resident"}=8405667840;ravel_process_allocator_background_thread{mode="all",allocator="jemalloc"}=1;ravel_cache_resident_bytes{mode="all",cache="fetch"}=2691650939;ravel_cache_resident_bytes{mode="all",cache="catalog"}=0;ravel_memory_budget_bytes{mode="all"}=4400000000;ravel_memory_reserved_bytes{mode="all",component="sql"}=858606528;ravel_memory_reserved_bytes{mode="all",component="fetch"}=285443697;ravel_memory_handoff_overlap_bytes{mode="all"}=285443697
1791483131.464	1	3798325432	3830448128	8480051200	590130265	112790223	2691650939	0	112790223	4400000000	3394571427	5085479773	8063365120	7986204672	1	ravel_process_allocator_bytes{mode="all",allocator="jemalloc",stat="allocated"}=3798325432;ravel_process_allocator_bytes{mode="all",allocator="jemalloc",stat="active"}=3830448128;ravel_process_allocator_bytes{mode="all",allocator="jemalloc",stat="resident"}=8480051200;ravel_process_allocator_background_thread{mode="all",allocator="jemalloc"}=1;ravel_cache_resident_bytes{mode="all",cache="fetch"}=2691650939;ravel_cache_resident_bytes{mode="all",cache="catalog"}=0;ravel_memory_budget_bytes{mode="all"}=4400000000;ravel_memory_reserved_bytes{mode="all",component="sql"}=590130265;ravel_memory_reserved_bytes{mode="all",component="fetch"}=112790223;ravel_memory_handoff_overlap_bytes{mode="all"}=112790223
1791483136.464	1	5470976728	5513134080	8503717888	1949005231	160888443	2691650939	0	160888443	4400000000	4801544613	3702173275	8183447552	8106287104	1	ravel_process_allocator_bytes{mode="all",allocator="jemalloc",stat="allocated"}=5470976728;ravel_process_allocator_bytes{mode="all",allocator="jemalloc",stat="active"}=5513134080;ravel_process_allocator_bytes{mode="all",allocator="jemalloc",stat="resident"}=8503717888;ravel_process_allocator_background_thread{mode="all",allocator="jemalloc"}=1;ravel_cache_resident_bytes{mode="all",cache="fetch"}=2691650939;ravel_cache_resident_bytes{mode="all",cache="catalog"}=0;ravel_memory_budget_bytes{mode="all"}=4400000000;ravel_memory_reserved_bytes{mode="all",component="sql"}=1949005231;ravel_memory_reserved_bytes{mode="all",component="fetch"}=160888443;ravel_memory_handoff_overlap_bytes{mode="all"}=160888443
1791483141.464	1	4534397032	4570361856	8186744832	1357583862	42793726	2691650939	0	42793726	4400000000	4092028527	4094716305	7956377600	7879217152	1	ravel_process_allocator_bytes{mode="all",allocator="jemalloc",stat="allocated"}=4534397032;ravel_process_allocator_bytes{mode="all",allocator="jemalloc",stat="active"}=4570361856;ravel_process_allocator_bytes{mode="all",allocator="jemalloc",stat="resident"}=8186744832;ravel_process_allocator_background_thread{mode="all",allocator="jemalloc"}=1;ravel_cache_resident_bytes{mode="all",cache="fetch"}=2691650939;ravel_cache_resident_bytes{mode="all",cache="catalog"}=0;ravel_memory_budget_bytes{mode="all"}=4400000000;ravel_memory_reserved_bytes{mode="all",component="sql"}=1357583862;ravel_memory_reserved_bytes{mode="all",component="fetch"}=42793726;ravel_memory_handoff_overlap_bytes{mode="all"}=42793726
1791483146.464	1	5040731384	5085655040	9590247424	1708903064	23043848	2691650939	0	23043848	4400000000	4423597851	5166649573	9000222720	8923062272	1	ravel_process_allocator_bytes{mode="all",allocator="jemalloc",stat="allocated"}=5040731384;ravel_process_allocator_bytes{mode="all",allocator="jemalloc",stat="active"}=5085655040;ravel_process_allocator_bytes{mode="all",allocator="jemalloc",stat="resident"}=9590247424;ravel_process_allocator_background_thread{mode="all",allocator="jemalloc"}=1;ravel_cache_resident_bytes{mode="all",cache="fetch"}=2691650939;ravel_cache_resident_bytes{mode="all",cache="catalog"}=0;ravel_memory_budget_bytes{mode="all"}=4400000000;ravel_memory_reserved_bytes{mode="all",component="sql"}=1708903064;ravel_memory_reserved_bytes{mode="all",component="fetch"}=23043848;ravel_memory_handoff_overlap_bytes{mode="all"}=23043848
1791483151.464	1	5755990416	5794648064	9096593408	2381785334	327971686	2691650939	0	327971686	4400000000	5401407959	3695185449	8321150976	8243990528	1	ravel_process_allocator_bytes{mode="all",allocator="jemalloc",stat="allocated"}=5755990416;ravel_process_allocator_bytes{mode="all",allocator="jemalloc",stat="active"}=5794648064;ravel_process_allocator_bytes{mode="all",allocator="jemalloc",stat="resident"}=9096593408;ravel_process_allocator_background_thread{mode="all",allocator="jemalloc"}=1;ravel_cache_resident_bytes{mode="all",cache="fetch"}=2691650939;ravel_cache_resident_bytes{mode="all",cache="catalog"}=0;ravel_memory_budget_bytes{mode="all"}=4400000000;ravel_memory_reserved_bytes{mode="all",component="sql"}=2381785334;ravel_memory_reserved_bytes{mode="all",component="fetch"}=327971686;ravel_memory_handoff_overlap_bytes{mode="all"}=327971686
1791483156.463	1	4949325792	4995743744	7793209344	1627498388	184637751	2691650939	0	184637751	4400000000	4503787078	3289422266	7439503360	7362342912	1	ravel_process_allocator_bytes{mode="all",allocator="jemalloc",stat="allocated"}=4949325792;ravel_process_allocator_bytes{mode="all",allocator="jemalloc",stat="active"}=4995743744;ravel_process_allocator_bytes{mode="all",allocator="jemalloc",stat="resident"}=7793209344;ravel_process_allocator_background_thread{mode="all",allocator="jemalloc"}=1;ravel_cache_resident_bytes{mode="all",cache="fetch"}=2691650939;ravel_cache_resident_bytes{mode="all",cache="catalog"}=0;ravel_memory_budget_bytes{mode="all"}=4400000000;ravel_memory_reserved_bytes{mode="all",component="sql"}=1627498388;ravel_memory_reserved_bytes{mode="all",component="fetch"}=184637751;ravel_memory_handoff_overlap_bytes{mode="all"}=184637751
1791483161.464	1	5425262496	5470564352	8445992960	1571520138	350146850	2691650939	0	350146850	4400000000	4613317927	3832675033	7959457792	7882297344	1	ravel_process_allocator_bytes{mode="all",allocator="jemalloc",stat="allocated"}=5425262496;ravel_process_allocator_bytes{mode="all",allocator="jemalloc",stat="active"}=5470564352;ravel_process_allocator_bytes{mode="all",allocator="jemalloc",stat="resident"}=8445992960;ravel_process_allocator_background_thread{mode="all",allocator="jemalloc"}=1;ravel_cache_resident_bytes{mode="all",cache="fetch"}=2691650939;ravel_cache_resident_bytes{mode="all",cache="catalog"}=0;ravel_memory_budget_bytes{mode="all"}=4400000000;ravel_memory_reserved_bytes{mode="all",component="sql"}=1571520138;ravel_memory_reserved_bytes{mode="all",component="fetch"}=350146850;ravel_memory_handoff_overlap_bytes{mode="all"}=350146850
1791483166.464	1	5791468464	5830053888	10251358208	2273604086	198038823	2691650939	0	198038823	4400000000	5163293848	5088064360	9822494720	9745334272	1	ravel_process_allocator_bytes{mode="all",allocator="jemalloc",stat="allocated"}=5791468464;ravel_process_allocator_bytes{mode="all",allocator="jemalloc",stat="active"}=5830053888;ravel_process_allocator_bytes{mode="all",allocator="jemalloc",stat="resident"}=10251358208;ravel_process_allocator_background_thread{mode="all",allocator="jemalloc"}=1;ravel_cache_resident_bytes{mode="all",cache="fetch"}=2691650939;ravel_cache_resident_bytes{mode="all",cache="catalog"}=0;ravel_memory_budget_bytes{mode="all"}=4400000000;ravel_memory_reserved_bytes{mode="all",component="sql"}=2273604086;ravel_memory_reserved_bytes{mode="all",component="fetch"}=198038823;ravel_memory_handoff_overlap_bytes{mode="all"}=198038823
1791483171.464	1	5783376888	5828530176	8619487232	1652079010	384543037	2691650939	0	384543037	4400000000	4728272986	3891214246	8499167232	8422006784	1	ravel_process_allocator_bytes{mode="all",allocator="jemalloc",stat="allocated"}=5783376888;ravel_process_allocator_bytes{mode="all",allocator="jemalloc",stat="active"}=5828530176;ravel_process_allocator_bytes{mode="all",allocator="jemalloc",stat="resident"}=8619487232;ravel_process_allocator_background_thread{mode="all",allocator="jemalloc"}=1;ravel_cache_resident_bytes{mode="all",cache="fetch"}=2691650939;ravel_cache_resident_bytes{mode="all",cache="catalog"}=0;ravel_memory_budget_bytes{mode="all"}=4400000000;ravel_memory_reserved_bytes{mode="all",component="sql"}=1652079010;ravel_memory_reserved_bytes{mode="all",component="fetch"}=384543037;ravel_memory_handoff_overlap_bytes{mode="all"}=384543037
1791483176.463	1	4628067880	4668624896	8920723456	120751158	592049049	2691650939	0	592049049	4400000000	3404451146	5516272310	8386625536	8309465088	1	ravel_process_allocator_bytes{mode="all",allocator="jemalloc",stat="allocated"}=4628067880;ravel_process_allocator_bytes{mode="all",allocator="jemalloc",stat="active"}=4668624896;ravel_process_allocator_bytes{mode="all",allocator="jemalloc",stat="resident"}=8920723456;ravel_process_allocator_background_thread{mode="all",allocator="jemalloc"}=1;ravel_cache_resident_bytes{mode="all",cache="fetch"}=2691650939;ravel_cache_resident_bytes{mode="all",cache="catalog"}=0;ravel_memory_budget_bytes{mode="all"}=4400000000;ravel_memory_reserved_bytes{mode="all",component="sql"}=120751158;ravel_memory_reserved_bytes{mode="all",component="fetch"}=592049049;ravel_memory_handoff_overlap_bytes{mode="all"}=592049049
1791483181.464	1	4990881664	5019893760	8286990336	655613633	142477232	2691650939	0	142477232	4400000000	3489741804	4797248532	8339849216	8262688768	1	ravel_process_allocator_bytes{mode="all",allocator="jemalloc",stat="allocated"}=4990881664;ravel_process_allocator_bytes{mode="all",allocator="jemalloc",stat="active"}=5019893760;ravel_process_allocator_bytes{mode="all",allocator="jemalloc",stat="resident"}=8286990336;ravel_process_allocator_background_thread{mode="all",allocator="jemalloc"}=1;ravel_cache_resident_bytes{mode="all",cache="fetch"}=2691650939;ravel_cache_resident_bytes{mode="all",cache="catalog"}=0;ravel_memory_budget_bytes{mode="all"}=4400000000;ravel_memory_reserved_bytes{mode="all",component="sql"}=655613633;ravel_memory_reserved_bytes{mode="all",component="fetch"}=142477232;ravel_memory_handoff_overlap_bytes{mode="all"}=142477232
1791483186.464	1	3959734184	3993649152	8914591744	594209360	127269987	2691650939	0	127269987	4400000000	3413130286	5501461458	8357068800	8279908352	1	ravel_process_allocator_bytes{mode="all",allocator="jemalloc",stat="allocated"}=3959734184;ravel_process_allocator_bytes{mode="all",allocator="jemalloc",stat="active"}=3993649152;ravel_process_allocator_bytes{mode="all",allocator="jemalloc",stat="resident"}=8914591744;ravel_process_allocator_background_thread{mode="all",allocator="jemalloc"}=1;ravel_cache_resident_bytes{mode="all",cache="fetch"}=2691650939;ravel_cache_resident_bytes{mode="all",cache="catalog"}=0;ravel_memory_budget_bytes{mode="all"}=4400000000;ravel_memory_reserved_bytes{mode="all",component="sql"}=594209360;ravel_memory_reserved_bytes{mode="all",component="fetch"}=127269987;ravel_memory_handoff_overlap_bytes{mode="all"}=127269987
1791483191.464	1	6476946128	6516178944	8752488448	3592345250	322851673	2691650939	0	322851673	4400000000	6606847862	2145640586	7371104256	7293943808	1	ravel_process_allocator_bytes{mode="all",allocator="jemalloc",stat="allocated"}=6476946128;ravel_process_allocator_bytes{mode="all",allocator="jemalloc",stat="active"}=6516178944;ravel_process_allocator_bytes{mode="all",allocator="jemalloc",stat="resident"}=8752488448;ravel_process_allocator_background_thread{mode="all",allocator="jemalloc"}=1;ravel_cache_resident_bytes{mode="all",cache="fetch"}=2691650939;ravel_cache_resident_bytes{mode="all",cache="catalog"}=0;ravel_memory_budget_bytes{mode="all"}=4400000000;ravel_memory_reserved_bytes{mode="all",component="sql"}=3592345250;ravel_memory_reserved_bytes{mode="all",component="fetch"}=322851673;ravel_memory_handoff_overlap_bytes{mode="all"}=322851673
1791483196.464	1	4513814560	4552278016	8306671616	1321214889	202747161	2691650939	0	202747161	4400000000	4215612989	4091058627	7877861376	7800700928	1	ravel_process_allocator_bytes{mode="all",allocator="jemalloc",stat="allocated"}=4513814560;ravel_process_allocator_bytes{mode="all",allocator="jemalloc",stat="active"}=4552278016;ravel_process_allocator_bytes{mode="all",allocator="jemalloc",stat="resident"}=8306671616;ravel_process_allocator_background_thread{mode="all",allocator="jemalloc"}=1;ravel_cache_resident_bytes{mode="all",cache="fetch"}=2691650939;ravel_cache_resident_bytes{mode="all",cache="catalog"}=0;ravel_memory_budget_bytes{mode="all"}=4400000000;ravel_memory_reserved_bytes{mode="all",component="sql"}=1321214889;ravel_memory_reserved_bytes{mode="all",component="fetch"}=202747161;ravel_memory_handoff_overlap_bytes{mode="all"}=202747161
1791483201.464	1	3897813504	3935354880	8695939072	695493793	107948527	2691650939	0	107948527	4400000000	3495093259	5200845813	8232136704	8154976256	1	ravel_process_allocator_bytes{mode="all",allocator="jemalloc",stat="allocated"}=3897813504;ravel_process_allocator_bytes{mode="all",allocator="jemalloc",stat="active"}=3935354880;ravel_process_allocator_bytes{mode="all",allocator="jemalloc",stat="resident"}=8695939072;ravel_process_allocator_background_thread{mode="all",allocator="jemalloc"}=1;ravel_cache_resident_bytes{mode="all",cache="fetch"}=2691650939;ravel_cache_resident_bytes{mode="all",cache="catalog"}=0;ravel_memory_budget_bytes{mode="all"}=4400000000;ravel_memory_reserved_bytes{mode="all",component="sql"}=695493793;ravel_memory_reserved_bytes{mode="all",component="fetch"}=107948527;ravel_memory_handoff_overlap_bytes{mode="all"}=107948527
1791483206.464	1	4773569984	4806541312	8869081088	1013270168	10347849	2691650939	0	10347849	4400000000	3715268956	5153812132	8317464576	8240304128	1	ravel_process_allocator_bytes{mode="all",allocator="jemalloc",stat="allocated"}=4773569984;ravel_process_allocator_bytes{mode="all",allocator="jemalloc",stat="active"}=4806541312;ravel_process_allocator_bytes{mode="all",allocator="jemalloc",stat="resident"}=8869081088;ravel_process_allocator_background_thread{mode="all",allocator="jemalloc"}=1;ravel_cache_resident_bytes{mode="all",cache="fetch"}=2691650939;ravel_cache_resident_bytes{mode="all",cache="catalog"}=0;ravel_memory_budget_bytes{mode="all"}=4400000000;ravel_memory_reserved_bytes{mode="all",component="sql"}=1013270168;ravel_memory_reserved_bytes{mode="all",component="fetch"}=10347849;ravel_memory_handoff_overlap_bytes{mode="all"}=10347849
1791483211.463	1	5008349792	5042003968	8745242624	1525413958	181047341	2691650939	0	181047341	4400000000	4398112238	4347130386	8320274432	8243113984	1	ravel_process_allocator_bytes{mode="all",allocator="jemalloc",stat="allocated"}=5008349792;ravel_process_allocator_bytes{mode="all",allocator="jemalloc",stat="active"}=5042003968;ravel_process_allocator_bytes{mode="all",allocator="jemalloc",stat="resident"}=8745242624;ravel_process_allocator_background_thread{mode="all",allocator="jemalloc"}=1;ravel_cache_resident_bytes{mode="all",cache="fetch"}=2691650939;ravel_cache_resident_bytes{mode="all",cache="catalog"}=0;ravel_memory_budget_bytes{mode="all"}=4400000000;ravel_memory_reserved_bytes{mode="all",component="sql"}=1525413958;ravel_memory_reserved_bytes{mode="all",component="fetch"}=181047341;ravel_memory_handoff_overlap_bytes{mode="all"}=181047341
1791483216.464	1	4142892200	4178010112	9194975232	1017669977	95163410	2691650939	0	95163410	4400000000	3804484326	5390490906	8639660032	8562499584	1	ravel_process_allocator_bytes{mode="all",allocator="jemalloc",stat="allocated"}=4142892200;ravel_process_allocator_bytes{mode="all",allocator="jemalloc",stat="active"}=4178010112;ravel_process_allocator_bytes{mode="all",allocator="jemalloc",stat="resident"}=9194975232;ravel_process_allocator_background_thread{mode="all",allocator="jemalloc"}=1;ravel_cache_resident_bytes{mode="all",cache="fetch"}=2691650939;ravel_cache_resident_bytes{mode="all",cache="catalog"}=0;ravel_memory_budget_bytes{mode="all"}=4400000000;ravel_memory_reserved_bytes{mode="all",component="sql"}=1017669977;ravel_memory_reserved_bytes{mode="all",component="fetch"}=95163410;ravel_memory_handoff_overlap_bytes{mode="all"}=95163410
1791483221.463	1	3590745552	3624366080	9424560128	517797193	86610504	2691650939	0	86610504	4400000000	3296058636	6128501492	9454678016	9377517568	1	ravel_process_allocator_bytes{mode="all",allocator="jemalloc",stat="allocated"}=3590745552;ravel_process_allocator_bytes{mode="all",allocator="jemalloc",stat="active"}=3624366080;ravel_process_allocator_bytes{mode="all",allocator="jemalloc",stat="resident"}=9424560128;ravel_process_allocator_background_thread{mode="all",allocator="jemalloc"}=1;ravel_cache_resident_bytes{mode="all",cache="fetch"}=2691650939;ravel_cache_resident_bytes{mode="all",cache="catalog"}=0;ravel_memory_budget_bytes{mode="all"}=4400000000;ravel_memory_reserved_bytes{mode="all",component="sql"}=517797193;ravel_memory_reserved_bytes{mode="all",component="fetch"}=86610504;ravel_memory_handoff_overlap_bytes{mode="all"}=86610504
1791483226.463	1	4693460840	4729139200	7252041728	1083390784	164640803	2691650939	0	164640803	4400000000	3939682526	3312359202	7481249792	7404089344	1	ravel_process_allocator_bytes{mode="all",allocator="jemalloc",stat="allocated"}=4693460840;ravel_process_allocator_bytes{mode="all",allocator="jemalloc",stat="active"}=4729139200;ravel_process_allocator_bytes{mode="all",allocator="jemalloc",stat="resident"}=7252041728;ravel_process_allocator_background_thread{mode="all",allocator="jemalloc"}=1;ravel_cache_resident_bytes{mode="all",cache="fetch"}=2691650939;ravel_cache_resident_bytes{mode="all",cache="catalog"}=0;ravel_memory_budget_bytes{mode="all"}=4400000000;ravel_memory_reserved_bytes{mode="all",component="sql"}=1083390784;ravel_memory_reserved_bytes{mode="all",component="fetch"}=164640803;ravel_memory_handoff_overlap_bytes{mode="all"}=164640803
1791483231.464	1	4268925120	4311228416	6572466176	1043872054	161527765	2691650939	0	161527765	4400000000	3897050758	2675415418	6567174144	6490013696	1	ravel_process_allocator_bytes{mode="all",allocator="jemalloc",stat="allocated"}=4268925120;ravel_process_allocator_bytes{mode="all",allocator="jemalloc",stat="active"}=4311228416;ravel_process_allocator_bytes{mode="all",allocator="jemalloc",stat="resident"}=6572466176;ravel_process_allocator_background_thread{mode="all",allocator="jemalloc"}=1;ravel_cache_resident_bytes{mode="all",cache="fetch"}=2691650939;ravel_cache_resident_bytes{mode="all",cache="catalog"}=0;ravel_memory_budget_bytes{mode="all"}=4400000000;ravel_memory_reserved_bytes{mode="all",component="sql"}=1043872054;ravel_memory_reserved_bytes{mode="all",component="fetch"}=161527765;ravel_memory_handoff_overlap_bytes{mode="all"}=161527765
1791483236.464	1	6919690840	6966153216	9080041472	3454703197	311929467	2691650939	0	311929467	4400000000	6458283603	2621757869	8469811200	8392650752	1	ravel_process_allocator_bytes{mode="all",allocator="jemalloc",stat="allocated"}=6919690840;ravel_process_allocator_bytes{mode="all",allocator="jemalloc",stat="active"}=6966153216;ravel_process_allocator_bytes{mode="all",allocator="jemalloc",stat="resident"}=9080041472;ravel_process_allocator_background_thread{mode="all",allocator="jemalloc"}=1;ravel_cache_resident_bytes{mode="all",cache="fetch"}=2691650939;ravel_cache_resident_bytes{mode="all",cache="catalog"}=0;ravel_memory_budget_bytes{mode="all"}=4400000000;ravel_memory_reserved_bytes{mode="all",component="sql"}=3454703197;ravel_memory_reserved_bytes{mode="all",component="fetch"}=311929467;ravel_memory_handoff_overlap_bytes{mode="all"}=311929467
1791483241.463	1	3482305096	3516592128	7579189248	401116928	149798106	2691650939	0	149798106	4400000000	3242565973	4336623275	7542509568	7465349120	1	ravel_process_allocator_bytes{mode="all",allocator="jemalloc",stat="allocated"}=3482305096;ravel_process_allocator_bytes{mode="all",allocator="jemalloc",stat="active"}=3516592128;ravel_process_allocator_bytes{mode="all",allocator="jemalloc",stat="resident"}=7579189248;ravel_process_allocator_background_thread{mode="all",allocator="jemalloc"}=1;ravel_cache_resident_bytes{mode="all",cache="fetch"}=2691650939;ravel_cache_resident_bytes{mode="all",cache="catalog"}=0;ravel_memory_budget_bytes{mode="all"}=4400000000;ravel_memory_reserved_bytes{mode="all",component="sql"}=401116928;ravel_memory_reserved_bytes{mode="all",component="fetch"}=149798106;ravel_memory_handoff_overlap_bytes{mode="all"}=149798106
1791483246.464	1	4704078232	4749164544	8843300864	1426183499	133920323	2691650939	0	133920323	4400000000	4251754761	4591546103	8394629120	8317468672	1	ravel_process_allocator_bytes{mode="all",allocator="jemalloc",stat="allocated"}=4704078232;ravel_process_allocator_bytes{mode="all",allocator="jemalloc",stat="active"}=4749164544;ravel_process_allocator_bytes{mode="all",allocator="jemalloc",stat="resident"}=8843300864;ravel_process_allocator_background_thread{mode="all",allocator="jemalloc"}=1;ravel_cache_resident_bytes{mode="all",cache="fetch"}=2691650939;ravel_cache_resident_bytes{mode="all",cache="catalog"}=0;ravel_memory_budget_bytes{mode="all"}=4400000000;ravel_memory_reserved_bytes{mode="all",component="sql"}=1426183499;ravel_memory_reserved_bytes{mode="all",component="fetch"}=133920323;ravel_memory_handoff_overlap_bytes{mode="all"}=133920323
1791483251.464	1	2915520232	2946027520	8488652800	125537216	7969350	2691650939	0	7969350	4400000000	2825157505	5663495295	8278392832	8201232384	1	ravel_process_allocator_bytes{mode="all",allocator="jemalloc",stat="allocated"}=2915520232;ravel_process_allocator_bytes{mode="all",allocator="jemalloc",stat="active"}=2946027520;ravel_process_allocator_bytes{mode="all",allocator="jemalloc",stat="resident"}=8488652800;ravel_process_allocator_background_thread{mode="all",allocator="jemalloc"}=1;ravel_cache_resident_bytes{mode="all",cache="fetch"}=2691650939;ravel_cache_resident_bytes{mode="all",cache="catalog"}=0;ravel_memory_budget_bytes{mode="all"}=4400000000;ravel_memory_reserved_bytes{mode="all",component="sql"}=125537216;ravel_memory_reserved_bytes{mode="all",component="fetch"}=7969350;ravel_memory_handoff_overlap_bytes{mode="all"}=7969350
1791483256.464	1	4610654272	4644896768	8652152832	1129316981	176640199	2691650939	0	176640199	4400000000	3997608119	4654544713	7967985664	7890825216	1	ravel_process_allocator_bytes{mode="all",allocator="jemalloc",stat="allocated"}=4610654272;ravel_process_allocator_bytes{mode="all",allocator="jemalloc",stat="active"}=4644896768;ravel_process_allocator_bytes{mode="all",allocator="jemalloc",stat="resident"}=8652152832;ravel_process_allocator_background_thread{mode="all",allocator="jemalloc"}=1;ravel_cache_resident_bytes{mode="all",cache="fetch"}=2691650939;ravel_cache_resident_bytes{mode="all",cache="catalog"}=0;ravel_memory_budget_bytes{mode="all"}=4400000000;ravel_memory_reserved_bytes{mode="all",component="sql"}=1129316981;ravel_memory_reserved_bytes{mode="all",component="fetch"}=176640199;ravel_memory_handoff_overlap_bytes{mode="all"}=176640199
1791483261.464	1	4289518584	4325715968	8320401408	468601432	98814809	2691650939	0	98814809	4400000000	3259067180	5061334228	8054824960	7977664512	1	ravel_process_allocator_bytes{mode="all",allocator="jemalloc",stat="allocated"}=4289518584;ravel_process_allocator_bytes{mode="all",allocator="jemalloc",stat="active"}=4325715968;ravel_process_allocator_bytes{mode="all",allocator="jemalloc",stat="resident"}=8320401408;ravel_process_allocator_background_thread{mode="all",allocator="jemalloc"}=1;ravel_cache_resident_bytes{mode="all",cache="fetch"}=2691650939;ravel_cache_resident_bytes{mode="all",cache="catalog"}=0;ravel_memory_budget_bytes{mode="all"}=4400000000;ravel_memory_reserved_bytes{mode="all",component="sql"}=468601432;ravel_memory_reserved_bytes{mode="all",component="fetch"}=98814809;ravel_memory_handoff_overlap_bytes{mode="all"}=98814809
1791483266.464	1	4560543528	4603969536	9220284416	717170638	546053713	2691650939	0	546053713	4400000000	3954875290	5265409126	8375635968	8298475520	1	ravel_process_allocator_bytes{mode="all",allocator="jemalloc",stat="allocated"}=4560543528;ravel_process_allocator_bytes{mode="all",allocator="jemalloc",stat="active"}=4603969536;ravel_process_allocator_bytes{mode="all",allocator="jemalloc",stat="resident"}=9220284416;ravel_process_allocator_background_thread{mode="all",allocator="jemalloc"}=1;ravel_cache_resident_bytes{mode="all",cache="fetch"}=2691650939;ravel_cache_resident_bytes{mode="all",cache="catalog"}=0;ravel_memory_budget_bytes{mode="all"}=4400000000;ravel_memory_reserved_bytes{mode="all",component="sql"}=717170638;ravel_memory_reserved_bytes{mode="all",component="fetch"}=546053713;ravel_memory_handoff_overlap_bytes{mode="all"}=546053713
1791483271.463	1	6089820352	6131978240	9628512256	2497954606	132869157	2691650939	0	132869157	4400000000	5322474702	4306037554	8859684864	8782524416	1	ravel_process_allocator_bytes{mode="all",allocator="jemalloc",stat="allocated"}=6089820352;ravel_process_allocator_bytes{mode="all",allocator="jemalloc",stat="active"}=6131978240;ravel_process_allocator_bytes{mode="all",allocator="jemalloc",stat="resident"}=9628512256;ravel_process_allocator_background_thread{mode="all",allocator="jemalloc"}=1;ravel_cache_resident_bytes{mode="all",cache="fetch"}=2691650939;ravel_cache_resident_bytes{mode="all",cache="catalog"}=0;ravel_memory_budget_bytes{mode="all"}=4400000000;ravel_memory_reserved_bytes{mode="all",component="sql"}=2497954606;ravel_memory_reserved_bytes{mode="all",component="fetch"}=132869157;ravel_memory_handoff_overlap_bytes{mode="all"}=132869157
1791483276.464	1	7519105336	7566671872	9679532032	3584387190	295069864	2691650939	0	295069864	4400000000	6571107993	3108424039	8507920384	8430759936	1	ravel_process_allocator_bytes{mode="all",allocator="jemalloc",stat="allocated"}=7519105336;ravel_process_allocator_bytes{mode="all",allocator="jemalloc",stat="active"}=7566671872;ravel_process_allocator_bytes{mode="all",allocator="jemalloc",stat="resident"}=9679532032;ravel_process_allocator_background_thread{mode="all",allocator="jemalloc"}=1;ravel_cache_resident_bytes{mode="all",cache="fetch"}=2691650939;ravel_cache_resident_bytes{mode="all",cache="catalog"}=0;ravel_memory_budget_bytes{mode="all"}=4400000000;ravel_memory_reserved_bytes{mode="all",component="sql"}=3584387190;ravel_memory_reserved_bytes{mode="all",component="fetch"}=295069864;ravel_memory_handoff_overlap_bytes{mode="all"}=295069864
1791483281.463	1	5156689528	5191872512	9097318400	1504954513	128345665	2691650939	0	128345665	4400000000	4324951117	4772367283	8514510848	8437350400	1	ravel_process_allocator_bytes{mode="all",allocator="jemalloc",stat="allocated"}=5156689528;ravel_process_allocator_bytes{mode="all",allocator="jemalloc",stat="active"}=5191872512;ravel_process_allocator_bytes{mode="all",allocator="jemalloc",stat="resident"}=9097318400;ravel_process_allocator_background_thread{mode="all",allocator="jemalloc"}=1;ravel_cache_resident_bytes{mode="all",cache="fetch"}=2691650939;ravel_cache_resident_bytes{mode="all",cache="catalog"}=0;ravel_memory_budget_bytes{mode="all"}=4400000000;ravel_memory_reserved_bytes{mode="all",component="sql"}=1504954513;ravel_memory_reserved_bytes{mode="all",component="fetch"}=128345665;ravel_memory_handoff_overlap_bytes{mode="all"}=128345665
1791483286.463	1	3366915784	3401596928	7607439360	464617984	31504149	2691650939	0	31504149	4400000000	3187773072	4419666288	7382536192	7305375744	1	ravel_process_allocator_bytes{mode="all",allocator="jemalloc",stat="allocated"}=3366915784;ravel_process_allocator_bytes{mode="all",allocator="jemalloc",stat="active"}=3401596928;ravel_process_allocator_bytes{mode="all",allocator="jemalloc",stat="resident"}=7607439360;ravel_process_allocator_background_thread{mode="all",allocator="jemalloc"}=1;ravel_cache_resident_bytes{mode="all",cache="fetch"}=2691650939;ravel_cache_resident_bytes{mode="all",cache="catalog"}=0;ravel_memory_budget_bytes{mode="all"}=4400000000;ravel_memory_reserved_bytes{mode="all",component="sql"}=464617984;ravel_memory_reserved_bytes{mode="all",component="fetch"}=31504149;ravel_memory_handoff_overlap_bytes{mode="all"}=31504149
1791483291.467	1	5221860280	5254791168	10140622848	2226283435	79596248	2691650939	0	79596248	4400000000	4997530622	5143092226	9649508352	9573175296	1	ravel_process_allocator_bytes{mode="all",allocator="jemalloc",stat="allocated"}=5221860280;ravel_process_allocator_bytes{mode="all",allocator="jemalloc",stat="active"}=5254791168;ravel_process_allocator_bytes{mode="all",allocator="jemalloc",stat="resident"}=10140622848;ravel_process_allocator_background_thread{mode="all",allocator="jemalloc"}=1;ravel_cache_resident_bytes{mode="all",cache="fetch"}=2691650939;ravel_cache_resident_bytes{mode="all",cache="catalog"}=0;ravel_memory_budget_bytes{mode="all"}=4400000000;ravel_memory_reserved_bytes{mode="all",component="sql"}=2226283435;ravel_memory_reserved_bytes{mode="all",component="fetch"}=79596248;ravel_memory_handoff_overlap_bytes{mode="all"}=79596248
1791483296.464	1	5818829448	5855207424	9315012608	2086625224	222893797	2691650939	0	222893797	4400000000	5001169960	4313842648	9394741248	9318383616	1	ravel_process_allocator_bytes{mode="all",allocator="jemalloc",stat="allocated"}=5818829448;ravel_process_allocator_bytes{mode="all",allocator="jemalloc",stat="active"}=5855207424;ravel_process_allocator_bytes{mode="all",allocator="jemalloc",stat="resident"}=9315012608;ravel_process_allocator_background_thread{mode="all",allocator="jemalloc"}=1;ravel_cache_resident_bytes{mode="all",cache="fetch"}=2691650939;ravel_cache_resident_bytes{mode="all",cache="catalog"}=0;ravel_memory_budget_bytes{mode="all"}=4400000000;ravel_memory_reserved_bytes{mode="all",component="sql"}=2086625224;ravel_memory_reserved_bytes{mode="all",component="fetch"}=222893797;ravel_memory_handoff_overlap_bytes{mode="all"}=222893797
1791483301.464	1	5812646600	5869248512	7663333376	2195641793	253422037	2691650939	0	253422037	4400000000	5140714769	2522618607	7371530240	7295172608	1	ravel_process_allocator_bytes{mode="all",allocator="jemalloc",stat="allocated"}=5812646600;ravel_process_allocator_bytes{mode="all",allocator="jemalloc",stat="active"}=5869248512;ravel_process_allocator_bytes{mode="all",allocator="jemalloc",stat="resident"}=7663333376;ravel_process_allocator_background_thread{mode="all",allocator="jemalloc"}=1;ravel_cache_resident_bytes{mode="all",cache="fetch"}=2691650939;ravel_cache_resident_bytes{mode="all",cache="catalog"}=0;ravel_memory_budget_bytes{mode="all"}=4400000000;ravel_memory_reserved_bytes{mode="all",component="sql"}=2195641793;ravel_memory_reserved_bytes{mode="all",component="fetch"}=253422037;ravel_memory_handoff_overlap_bytes{mode="all"}=253422037
1791483306.464	1	4696227848	4736466944	8777433088	1441927135	179971862	2691650939	0	179971862	4400000000	4313549936	4463883152	8368652288	8292294656	1	ravel_process_allocator_bytes{mode="all",allocator="jemalloc",stat="allocated"}=4696227848;ravel_process_allocator_bytes{mode="all",allocator="jemalloc",stat="active"}=4736466944;ravel_process_allocator_bytes{mode="all",allocator="jemalloc",stat="resident"}=8777433088;ravel_process_allocator_background_thread{mode="all",allocator="jemalloc"}=1;ravel_cache_resident_bytes{mode="all",cache="fetch"}=2691650939;ravel_cache_resident_bytes{mode="all",cache="catalog"}=0;ravel_memory_budget_bytes{mode="all"}=4400000000;ravel_memory_reserved_bytes{mode="all",component="sql"}=1441927135;ravel_memory_reserved_bytes{mode="all",component="fetch"}=179971862;ravel_memory_handoff_overlap_bytes{mode="all"}=179971862
1791483311.463	1	3635824976	3672469504	7434190848	607540455	56637428	2691650939	0	56637428	4400000000	3355828822	4078362026	7380316160	7303958528	1	ravel_process_allocator_bytes{mode="all",allocator="jemalloc",stat="allocated"}=3635824976;ravel_process_allocator_bytes{mode="all",allocator="jemalloc",stat="active"}=3672469504;ravel_process_allocator_bytes{mode="all",allocator="jemalloc",stat="resident"}=7434190848;ravel_process_allocator_background_thread{mode="all",allocator="jemalloc"}=1;ravel_cache_resident_bytes{mode="all",cache="fetch"}=2691650939;ravel_cache_resident_bytes{mode="all",cache="catalog"}=0;ravel_memory_budget_bytes{mode="all"}=4400000000;ravel_memory_reserved_bytes{mode="all",component="sql"}=607540455;ravel_memory_reserved_bytes{mode="all",component="fetch"}=56637428;ravel_memory_handoff_overlap_bytes{mode="all"}=56637428
1791483316.464	1	5528239936	5570547712	9071063040	1868216790	186392602	2691650939	0	186392602	4400000000	4746260331	4324802709	8357941248	8281583616	1	ravel_process_allocator_bytes{mode="all",allocator="jemalloc",stat="allocated"}=5528239936;ravel_process_allocator_bytes{mode="all",allocator="jemalloc",stat="active"}=5570547712;ravel_process_allocator_bytes{mode="all",allocator="jemalloc",stat="resident"}=9071063040;ravel_process_allocator_background_thread{mode="all",allocator="jemalloc"}=1;ravel_cache_resident_bytes{mode="all",cache="fetch"}=2691650939;ravel_cache_resident_bytes{mode="all",cache="catalog"}=0;ravel_memory_budget_bytes{mode="all"}=4400000000;ravel_memory_reserved_bytes{mode="all",component="sql"}=1868216790;ravel_memory_reserved_bytes{mode="all",component="fetch"}=186392602;ravel_memory_handoff_overlap_bytes{mode="all"}=186392602
1791483321.464	1	7053702936	7096803328	8893779968	2448451592	376782986	2691650939	0	376782986	4400000000	5516885517	3376894451	8313540608	8237182976	1	ravel_process_allocator_bytes{mode="all",allocator="jemalloc",stat="allocated"}=7053702936;ravel_process_allocator_bytes{mode="all",allocator="jemalloc",stat="active"}=7096803328;ravel_process_allocator_bytes{mode="all",allocator="jemalloc",stat="resident"}=8893779968;ravel_process_allocator_background_thread{mode="all",allocator="jemalloc"}=1;ravel_cache_resident_bytes{mode="all",cache="fetch"}=2691650939;ravel_cache_resident_bytes{mode="all",cache="catalog"}=0;ravel_memory_budget_bytes{mode="all"}=4400000000;ravel_memory_reserved_bytes{mode="all",component="sql"}=2448451592;ravel_memory_reserved_bytes{mode="all",component="fetch"}=376782986;ravel_memory_handoff_overlap_bytes{mode="all"}=376782986
1791483326.467	1	4153836808	4193796096	8576901120	985569193	131016948	2691650939	0	131016948	4400000000	3808237080	4768664040	8366256128	8289898496	1	ravel_process_allocator_bytes{mode="all",allocator="jemalloc",stat="allocated"}=4153836808;ravel_process_allocator_bytes{mode="all",allocator="jemalloc",stat="active"}=4193796096;ravel_process_allocator_bytes{mode="all",allocator="jemalloc",stat="resident"}=8576901120;ravel_process_allocator_background_thread{mode="all",allocator="jemalloc"}=1;ravel_cache_resident_bytes{mode="all",cache="fetch"}=2691650939;ravel_cache_resident_bytes{mode="all",cache="catalog"}=0;ravel_memory_budget_bytes{mode="all"}=4400000000;ravel_memory_reserved_bytes{mode="all",component="sql"}=985569193;ravel_memory_reserved_bytes{mode="all",component="fetch"}=131016948;ravel_memory_handoff_overlap_bytes{mode="all"}=131016948
1791483331.464	1	5338805376	5373366272	8712278016	1922630633	240025878	2691650939	0	240025878	4400000000	4854307450	3857970566	8361680896	8285323264	1	ravel_process_allocator_bytes{mode="all",allocator="jemalloc",stat="allocated"}=5338805376;ravel_process_allocator_bytes{mode="all",allocator="jemalloc",stat="active"}=5373366272;ravel_process_allocator_bytes{mode="all",allocator="jemalloc",stat="resident"}=8712278016;ravel_process_allocator_background_thread{mode="all",allocator="jemalloc"}=1;ravel_cache_resident_bytes{mode="all",cache="fetch"}=2691650939;ravel_cache_resident_bytes{mode="all",cache="catalog"}=0;ravel_memory_budget_bytes{mode="all"}=4400000000;ravel_memory_reserved_bytes{mode="all",component="sql"}=1922630633;ravel_memory_reserved_bytes{mode="all",component="fetch"}=240025878;ravel_memory_handoff_overlap_bytes{mode="all"}=240025878
1791483336.463	1	5425181376	5474394112	9768800256	1877174217	142091746	2691650939	0	142091746	4400000000	4710916902	5057883354	9028943872	8952586240	1	ravel_process_allocator_bytes{mode="all",allocator="jemalloc",stat="allocated"}=5425181376;ravel_process_allocator_bytes{mode="all",allocator="jemalloc",stat="active"}=5474394112;ravel_process_allocator_bytes{mode="all",allocator="jemalloc",stat="resident"}=9768800256;ravel_process_allocator_background_thread{mode="all",allocator="jemalloc"}=1;ravel_cache_resident_bytes{mode="all",cache="fetch"}=2691650939;ravel_cache_resident_bytes{mode="all",cache="catalog"}=0;ravel_memory_budget_bytes{mode="all"}=4400000000;ravel_memory_reserved_bytes{mode="all",component="sql"}=1877174217;ravel_memory_reserved_bytes{mode="all",component="fetch"}=142091746;ravel_memory_handoff_overlap_bytes{mode="all"}=142091746
1791483341.464	1	3984793144	4017737728	8954257408	921847327	27166489	2691650939	0	27166489	4400000000	3640664755	5313592653	8900292608	8823934976	1	ravel_process_allocator_bytes{mode="all",allocator="jemalloc",stat="allocated"}=3984793144;ravel_process_allocator_bytes{mode="all",allocator="jemalloc",stat="active"}=4017737728;ravel_process_allocator_bytes{mode="all",allocator="jemalloc",stat="resident"}=8954257408;ravel_process_allocator_background_thread{mode="all",allocator="jemalloc"}=1;ravel_cache_resident_bytes{mode="all",cache="fetch"}=2691650939;ravel_cache_resident_bytes{mode="all",cache="catalog"}=0;ravel_memory_budget_bytes{mode="all"}=4400000000;ravel_memory_reserved_bytes{mode="all",component="sql"}=921847327;ravel_memory_reserved_bytes{mode="all",component="fetch"}=27166489;ravel_memory_handoff_overlap_bytes{mode="all"}=27166489
1791483346.467	1	3980619288	4011286528	7926976512	436660652	158923821	2691650939	0	158923821	4400000000	3287235412	4639741100	7811502080	7735144448	1	ravel_process_allocator_bytes{mode="all",allocator="jemalloc",stat="allocated"}=3980619288;ravel_process_allocator_bytes{mode="all",allocator="jemalloc",stat="active"}=4011286528;ravel_process_allocator_bytes{mode="all",allocator="jemalloc",stat="resident"}=7926976512;ravel_process_allocator_background_thread{mode="all",allocator="jemalloc"}=1;ravel_cache_resident_bytes{mode="all",cache="fetch"}=2691650939;ravel_cache_resident_bytes{mode="all",cache="catalog"}=0;ravel_memory_budget_bytes{mode="all"}=4400000000;ravel_memory_reserved_bytes{mode="all",component="sql"}=436660652;ravel_memory_reserved_bytes{mode="all",component="fetch"}=158923821;ravel_memory_handoff_overlap_bytes{mode="all"}=158923821
1791483351.463	1	7260035992	7304146944	9855696896	3528294424	425373362	2691650939	0	425373362	4400000000	6645318725	3210378171	8639238144	8562880512	1	ravel_process_allocator_bytes{mode="all",allocator="jemalloc",stat="allocated"}=7260035992;ravel_process_allocator_bytes{mode="all",allocator="jemalloc",stat="active"}=7304146944;ravel_process_allocator_bytes{mode="all",allocator="jemalloc",stat="resident"}=9855696896;ravel_process_allocator_background_thread{mode="all",allocator="jemalloc"}=1;ravel_cache_resident_bytes{mode="all",cache="fetch"}=2691650939;ravel_cache_resident_bytes{mode="all",cache="catalog"}=0;ravel_memory_budget_bytes{mode="all"}=4400000000;ravel_memory_reserved_bytes{mode="all",component="sql"}=3528294424;ravel_memory_reserved_bytes{mode="all",component="fetch"}=425373362;ravel_memory_handoff_overlap_bytes{mode="all"}=425373362
1791483356.463	1	7182000752	7220228096	9839263744	3757685060	211909312	2691650939	0	211909312	4400000000	6661245311	3178018433	9262604288	9186246656	1	ravel_process_allocator_bytes{mode="all",allocator="jemalloc",stat="allocated"}=7182000752;ravel_process_allocator_bytes{mode="all",allocator="jemalloc",stat="active"}=7220228096;ravel_process_allocator_bytes{mode="all",allocator="jemalloc",stat="resident"}=9839263744;ravel_process_allocator_background_thread{mode="all",allocator="jemalloc"}=1;ravel_cache_resident_bytes{mode="all",cache="fetch"}=2691650939;ravel_cache_resident_bytes{mode="all",cache="catalog"}=0;ravel_memory_budget_bytes{mode="all"}=4400000000;ravel_memory_reserved_bytes{mode="all",component="sql"}=3757685060;ravel_memory_reserved_bytes{mode="all",component="fetch"}=211909312;ravel_memory_handoff_overlap_bytes{mode="all"}=211909312
1791483361.463	1	4566465256	4607717376	8063520768	1318009789	65974353	2691650939	0	65974353	4400000000	4075635081	3987885687	7935520768	7859163136	1	ravel_process_allocator_bytes{mode="all",allocator="jemalloc",stat="allocated"}=4566465256;ravel_process_allocator_bytes{mode="all",allocator="jemalloc",stat="active"}=4607717376;ravel_process_allocator_bytes{mode="all",allocator="jemalloc",stat="resident"}=8063520768;ravel_process_allocator_background_thread{mode="all",allocator="jemalloc"}=1;ravel_cache_resident_bytes{mode="all",cache="fetch"}=2691650939;ravel_cache_resident_bytes{mode="all",cache="catalog"}=0;ravel_memory_budget_bytes{mode="all"}=4400000000;ravel_memory_reserved_bytes{mode="all",component="sql"}=1318009789;ravel_memory_reserved_bytes{mode="all",component="fetch"}=65974353;ravel_memory_handoff_overlap_bytes{mode="all"}=65974353
1791483366.466	1	4946879600	4980846592	11053617152	1249135857	50004891	2691650939	0	50004891	4400000000	3990791687	7062825465	10189660160	10113302528	1	ravel_process_allocator_bytes{mode="all",allocator="jemalloc",stat="allocated"}=4946879600;ravel_process_allocator_bytes{mode="all",allocator="jemalloc",stat="active"}=4980846592;ravel_process_allocator_bytes{mode="all",allocator="jemalloc",stat="resident"}=11053617152;ravel_process_allocator_background_thread{mode="all",allocator="jemalloc"}=1;ravel_cache_resident_bytes{mode="all",cache="fetch"}=2691650939;ravel_cache_resident_bytes{mode="all",cache="catalog"}=0;ravel_memory_budget_bytes{mode="all"}=4400000000;ravel_memory_reserved_bytes{mode="all",component="sql"}=1249135857;ravel_memory_reserved_bytes{mode="all",component="fetch"}=50004891;ravel_memory_handoff_overlap_bytes{mode="all"}=50004891
1791483371.464	1	4680835200	4720775168	7475318784	1608462960	22096742	2691650939	0	22096742	4400000000	4322210641	3153108143	7463198720	7386841088	1	ravel_process_allocator_bytes{mode="all",allocator="jemalloc",stat="allocated"}=4680835200;ravel_process_allocator_bytes{mode="all",allocator="jemalloc",stat="active"}=4720775168;ravel_process_allocator_bytes{mode="all",allocator="jemalloc",stat="resident"}=7475318784;ravel_process_allocator_background_thread{mode="all",allocator="jemalloc"}=1;ravel_cache_resident_bytes{mode="all",cache="fetch"}=2691650939;ravel_cache_resident_bytes{mode="all",cache="catalog"}=0;ravel_memory_budget_bytes{mode="all"}=4400000000;ravel_memory_reserved_bytes{mode="all",component="sql"}=1608462960;ravel_memory_reserved_bytes{mode="all",component="fetch"}=22096742;ravel_memory_handoff_overlap_bytes{mode="all"}=22096742
1791483376.464	1	4560589168	4602580992	9172160512	1402464627	83972883	2691650939	0	83972883	4400000000	4178088449	4994072063	8651366400	8575008768	1	ravel_process_allocator_bytes{mode="all",allocator="jemalloc",stat="allocated"}=4560589168;ravel_process_allocator_bytes{mode="all",allocator="jemalloc",stat="active"}=4602580992;ravel_process_allocator_bytes{mode="all",allocator="jemalloc",stat="resident"}=9172160512;ravel_process_allocator_background_thread{mode="all",allocator="jemalloc"}=1;ravel_cache_resident_bytes{mode="all",cache="fetch"}=2691650939;ravel_cache_resident_bytes{mode="all",cache="catalog"}=0;ravel_memory_budget_bytes{mode="all"}=4400000000;ravel_memory_reserved_bytes{mode="all",component="sql"}=1402464627;ravel_memory_reserved_bytes{mode="all",component="fetch"}=83972883;ravel_memory_handoff_overlap_bytes{mode="all"}=83972883
1791483381.463	1	5327812328	5366046720	7776092160	1703631109	293135310	2691650939	0	293135310	4400000000	4688417358	3087674802	7697268736	7620837376	1	ravel_process_allocator_bytes{mode="all",allocator="jemalloc",stat="allocated"}=5327812328;ravel_process_allocator_bytes{mode="all",allocator="jemalloc",stat="active"}=5366046720;ravel_process_allocator_bytes{mode="all",allocator="jemalloc",stat="resident"}=7776092160;ravel_process_allocator_background_thread{mode="all",allocator="jemalloc"}=1;ravel_cache_resident_bytes{mode="all",cache="fetch"}=2691650939;ravel_cache_resident_bytes{mode="all",cache="catalog"}=0;ravel_memory_budget_bytes{mode="all"}=4400000000;ravel_memory_reserved_bytes{mode="all",component="sql"}=1703631109;ravel_memory_reserved_bytes{mode="all",component="fetch"}=293135310;ravel_memory_handoff_overlap_bytes{mode="all"}=293135310
1791483386.463	1	4327971064	4364378112	7800098816	776518202	94341034	2691650939	0	94341034	4400000000	3562510175	4237588641	7433359360	7356928000	1	ravel_process_allocator_bytes{mode="all",allocator="jemalloc",stat="allocated"}=4327971064;ravel_process_allocator_bytes{mode="all",allocator="jemalloc",stat="active"}=4364378112;ravel_process_allocator_bytes{mode="all",allocator="jemalloc",stat="resident"}=7800098816;ravel_process_allocator_background_thread{mode="all",allocator="jemalloc"}=1;ravel_cache_resident_bytes{mode="all",cache="fetch"}=2691650939;ravel_cache_resident_bytes{mode="all",cache="catalog"}=0;ravel_memory_budget_bytes{mode="all"}=4400000000;ravel_memory_reserved_bytes{mode="all",component="sql"}=776518202;ravel_memory_reserved_bytes{mode="all",component="fetch"}=94341034;ravel_memory_handoff_overlap_bytes{mode="all"}=94341034
1791483391.463	1	5156486680	5200031744	8987209728	1723361141	76096050	2691650939	0	76096050	4400000000	4491108130	4496101598	8327831552	8251400192	1	ravel_process_allocator_bytes{mode="all",allocator="jemalloc",stat="allocated"}=5156486680;ravel_process_allocator_bytes{mode="all",allocator="jemalloc",stat="active"}=5200031744;ravel_process_allocator_bytes{mode="all",allocator="jemalloc",stat="resident"}=8987209728;ravel_process_allocator_background_thread{mode="all",allocator="jemalloc"}=1;ravel_cache_resident_bytes{mode="all",cache="fetch"}=2691650939;ravel_cache_resident_bytes{mode="all",cache="catalog"}=0;ravel_memory_budget_bytes{mode="all"}=4400000000;ravel_memory_reserved_bytes{mode="all",component="sql"}=1723361141;ravel_memory_reserved_bytes{mode="all",component="fetch"}=76096050;ravel_memory_handoff_overlap_bytes{mode="all"}=76096050
1791483396.464	1	4623154144	4656013312	8616153088	511607516	114536520	2691650939	0	114536520	4400000000	3317794975	5298358113	8444268544	8367837184	1	ravel_process_allocator_bytes{mode="all",allocator="jemalloc",stat="allocated"}=4623154144;ravel_process_allocator_bytes{mode="all",allocator="jemalloc",stat="active"}=4656013312;ravel_process_allocator_bytes{mode="all",allocator="jemalloc",stat="resident"}=8616153088;ravel_process_allocator_background_thread{mode="all",allocator="jemalloc"}=1;ravel_cache_resident_bytes{mode="all",cache="fetch"}=2691650939;ravel_cache_resident_bytes{mode="all",cache="catalog"}=0;ravel_memory_budget_bytes{mode="all"}=4400000000;ravel_memory_reserved_bytes{mode="all",component="sql"}=511607516;ravel_memory_reserved_bytes{mode="all",component="fetch"}=114536520;ravel_memory_handoff_overlap_bytes{mode="all"}=114536520
1791483401.464	1	5501307856	5539209216	9606361088	1663988003	81413286	2691650939	0	81413286	4400000000	4437052228	5169308860	9245417472	9169272832	1	ravel_process_allocator_bytes{mode="all",allocator="jemalloc",stat="allocated"}=5501307856;ravel_process_allocator_bytes{mode="all",allocator="jemalloc",stat="active"}=5539209216;ravel_process_allocator_bytes{mode="all",allocator="jemalloc",stat="resident"}=9606361088;ravel_process_allocator_background_thread{mode="all",allocator="jemalloc"}=1;ravel_cache_resident_bytes{mode="all",cache="fetch"}=2691650939;ravel_cache_resident_bytes{mode="all",cache="catalog"}=0;ravel_memory_budget_bytes{mode="all"}=4400000000;ravel_memory_reserved_bytes{mode="all",component="sql"}=1663988003;ravel_memory_reserved_bytes{mode="all",component="fetch"}=81413286;ravel_memory_handoff_overlap_bytes{mode="all"}=81413286
1791483406.463	1	3451562240	3482796032	7741935616	230336583	143397572	2691650939	0	143397572	4400000000	3065385094	4676550522	8180600832	8104456192	1	ravel_process_allocator_bytes{mode="all",allocator="jemalloc",stat="allocated"}=3451562240;ravel_process_allocator_bytes{mode="all",allocator="jemalloc",stat="active"}=3482796032;ravel_process_allocator_bytes{mode="all",allocator="jemalloc",stat="resident"}=7741935616;ravel_process_allocator_background_thread{mode="all",allocator="jemalloc"}=1;ravel_cache_resident_bytes{mode="all",cache="fetch"}=2691650939;ravel_cache_resident_bytes{mode="all",cache="catalog"}=0;ravel_memory_budget_bytes{mode="all"}=4400000000;ravel_memory_reserved_bytes{mode="all",component="sql"}=230336583;ravel_memory_reserved_bytes{mode="all",component="fetch"}=143397572;ravel_memory_handoff_overlap_bytes{mode="all"}=143397572
1791483411.464	1	4238518432	4285026304	6169313280	303503657	410755999	2691650939	0	410755999	4400000000	3405910595	2763402685	5882109952	5805965312	1	ravel_process_allocator_bytes{mode="all",allocator="jemalloc",stat="allocated"}=4238518432;ravel_process_allocator_bytes{mode="all",allocator="jemalloc",stat="active"}=4285026304;ravel_process_allocator_bytes{mode="all",allocator="jemalloc",stat="resident"}=6169313280;ravel_process_allocator_background_thread{mode="all",allocator="jemalloc"}=1;ravel_cache_resident_bytes{mode="all",cache="fetch"}=2691650939;ravel_cache_resident_bytes{mode="all",cache="catalog"}=0;ravel_memory_budget_bytes{mode="all"}=4400000000;ravel_memory_reserved_bytes{mode="all",component="sql"}=303503657;ravel_memory_reserved_bytes{mode="all",component="fetch"}=410755999;ravel_memory_handoff_overlap_bytes{mode="all"}=410755999
1791483416.464	1	7120563360	7164473344	9894682624	2798447095	155093713	2691650939	0	155093713	4400000000	5645191747	4249490877	9377996800	9302753280	1	ravel_process_allocator_bytes{mode="all",allocator="jemalloc",stat="allocated"}=7120563360;ravel_process_allocator_bytes{mode="all",allocator="jemalloc",stat="active"}=7164473344;ravel_process_allocator_bytes{mode="all",allocator="jemalloc",stat="resident"}=9894682624;ravel_process_allocator_background_thread{mode="all",allocator="jemalloc"}=1;ravel_cache_resident_bytes{mode="all",cache="fetch"}=2691650939;ravel_cache_resident_bytes{mode="all",cache="catalog"}=0;ravel_memory_budget_bytes{mode="all"}=4400000000;ravel_memory_reserved_bytes{mode="all",component="sql"}=2798447095;ravel_memory_reserved_bytes{mode="all",component="fetch"}=155093713;ravel_memory_handoff_overlap_bytes{mode="all"}=155093713
1791483421.464	1	4077254936	4111052800	9987919872	928384361	190826492	2691650939	0	190826492	4400000000	3810861792	6177058080	9779208192	9703944192	1	ravel_process_allocator_bytes{mode="all",allocator="jemalloc",stat="allocated"}=4077254936;ravel_process_allocator_bytes{mode="all",allocator="jemalloc",stat="active"}=4111052800;ravel_process_allocator_bytes{mode="all",allocator="jemalloc",stat="resident"}=9987919872;ravel_process_allocator_background_thread{mode="all",allocator="jemalloc"}=1;ravel_cache_resident_bytes{mode="all",cache="fetch"}=2691650939;ravel_cache_resident_bytes{mode="all",cache="catalog"}=0;ravel_memory_budget_bytes{mode="all"}=4400000000;ravel_memory_reserved_bytes{mode="all",component="sql"}=928384361;ravel_memory_reserved_bytes{mode="all",component="fetch"}=190826492;ravel_memory_handoff_overlap_bytes{mode="all"}=190826492
1791483426.465	1	4950741888	4990251008	10039595008	1741739469	105283936	2691650939	0	105283936	4400000000	4538674344	5500920664	9388204032	9312940032	1	ravel_process_allocator_bytes{mode="all",allocator="jemalloc",stat="allocated"}=4950741888;ravel_process_allocator_bytes{mode="all",allocator="jemalloc",stat="active"}=4990251008;ravel_process_allocator_bytes{mode="all",allocator="jemalloc",stat="resident"}=10039595008;ravel_process_allocator_background_thread{mode="all",allocator="jemalloc"}=1;ravel_cache_resident_bytes{mode="all",cache="fetch"}=2691650939;ravel_cache_resident_bytes{mode="all",cache="catalog"}=0;ravel_memory_budget_bytes{mode="all"}=4400000000;ravel_memory_reserved_bytes{mode="all",component="sql"}=1741739469;ravel_memory_reserved_bytes{mode="all",component="fetch"}=105283936;ravel_memory_handoff_overlap_bytes{mode="all"}=105283936
1791483431.466	1	6358661376	6413103104	10363400192	2169367984	16609343	2691650939	0	16609343	4400000000	4877628266	5485771926	9857634304	9782353920	1	ravel_process_allocator_bytes{mode="all",allocator="jemalloc",stat="allocated"}=6358661376;ravel_process_allocator_bytes{mode="all",allocator="jemalloc",stat="active"}=6413103104;ravel_process_allocator_bytes{mode="all",allocator="jemalloc",stat="resident"}=10363400192;ravel_process_allocator_background_thread{mode="all",allocator="jemalloc"}=1;ravel_cache_resident_bytes{mode="all",cache="fetch"}=2691650939;ravel_cache_resident_bytes{mode="all",cache="catalog"}=0;ravel_memory_budget_bytes{mode="all"}=4400000000;ravel_memory_reserved_bytes{mode="all",component="sql"}=2169367984;ravel_memory_reserved_bytes{mode="all",component="fetch"}=16609343;ravel_memory_handoff_overlap_bytes{mode="all"}=16609343
1791483436.463	1	5638685832	5683052544	7244791808	2290182972	154534278	2691650939	0	154534278	4400000000	5136368189	2108423619	6797369344	6722088960	1	ravel_process_allocator_bytes{mode="all",allocator="jemalloc",stat="allocated"}=5638685832;ravel_process_allocator_bytes{mode="all",allocator="jemalloc",stat="active"}=5683052544;ravel_process_allocator_bytes{mode="all",allocator="jemalloc",stat="resident"}=7244791808;ravel_process_allocator_background_thread{mode="all",allocator="jemalloc"}=1;ravel_cache_resident_bytes{mode="all",cache="fetch"}=2691650939;ravel_cache_resident_bytes{mode="all",cache="catalog"}=0;ravel_memory_budget_bytes{mode="all"}=4400000000;ravel_memory_reserved_bytes{mode="all",component="sql"}=2290182972;ravel_memory_reserved_bytes{mode="all",component="fetch"}=154534278;ravel_memory_handoff_overlap_bytes{mode="all"}=154534278
1791483441.464	1	3739089080	3768348672	8156356608	411098395	206466619	2691650939	0	206466619	4400000000	3309215953	4847140655	7869493248	7794212864	1	ravel_process_allocator_bytes{mode="all",allocator="jemalloc",stat="allocated"}=3739089080;ravel_process_allocator_bytes{mode="all",allocator="jemalloc",stat="active"}=3768348672;ravel_process_allocator_bytes{mode="all",allocator="jemalloc",stat="resident"}=8156356608;ravel_process_allocator_background_thread{mode="all",allocator="jemalloc"}=1;ravel_cache_resident_bytes{mode="all",cache="fetch"}=2691650939;ravel_cache_resident_bytes{mode="all",cache="catalog"}=0;ravel_memory_budget_bytes{mode="all"}=4400000000;ravel_memory_reserved_bytes{mode="all",component="sql"}=411098395;ravel_memory_reserved_bytes{mode="all",component="fetch"}=206466619;ravel_memory_handoff_overlap_bytes{mode="all"}=206466619
1791483446.464	1	6347108216	6389731328	8483721216	3170164675	44643087	2691650939	0	44643087	4400000000	5906458701	2577262515	7870226432	7794946048	1	ravel_process_allocator_bytes{mode="all",allocator="jemalloc",stat="allocated"}=6347108216;ravel_process_allocator_bytes{mode="all",allocator="jemalloc",stat="active"}=6389731328;ravel_process_allocator_bytes{mode="all",allocator="jemalloc",stat="resident"}=8483721216;ravel_process_allocator_background_thread{mode="all",allocator="jemalloc"}=1;ravel_cache_resident_bytes{mode="all",cache="fetch"}=2691650939;ravel_cache_resident_bytes{mode="all",cache="catalog"}=0;ravel_memory_budget_bytes{mode="all"}=4400000000;ravel_memory_reserved_bytes{mode="all",component="sql"}=3170164675;ravel_memory_reserved_bytes{mode="all",component="fetch"}=44643087;ravel_memory_handoff_overlap_bytes{mode="all"}=44643087
1791483451.466	1	5294227944	5339680768	9305313280	1938948286	182674481	2691650939	0	182674481	4400000000	4813273706	4492039574	8745148416	8669868032	1	ravel_process_allocator_bytes{mode="all",allocator="jemalloc",stat="allocated"}=5294227944;ravel_process_allocator_bytes{mode="all",allocator="jemalloc",stat="active"}=5339680768;ravel_process_allocator_bytes{mode="all",allocator="jemalloc",stat="resident"}=9305313280;ravel_process_allocator_background_thread{mode="all",allocator="jemalloc"}=1;ravel_cache_resident_bytes{mode="all",cache="fetch"}=2691650939;ravel_cache_resident_bytes{mode="all",cache="catalog"}=0;ravel_memory_budget_bytes{mode="all"}=4400000000;ravel_memory_reserved_bytes{mode="all",component="sql"}=1938948286;ravel_memory_reserved_bytes{mode="all",component="fetch"}=182674481;ravel_memory_handoff_overlap_bytes{mode="all"}=182674481
1791483456.465	1	6316550968	6387200000	8053104640	2847876336	280680837	2691650939	0	280680837	4400000000	5820208112	2232896528	7529488384	7454208000	1	ravel_process_allocator_bytes{mode="all",allocator="jemalloc",stat="allocated"}=6316550968;ravel_process_allocator_bytes{mode="all",allocator="jemalloc",stat="active"}=6387200000;ravel_process_allocator_bytes{mode="all",allocator="jemalloc",stat="resident"}=8053104640;ravel_process_allocator_background_thread{mode="all",allocator="jemalloc"}=1;ravel_cache_resident_bytes{mode="all",cache="fetch"}=2691650939;ravel_cache_resident_bytes{mode="all",cache="catalog"}=0;ravel_memory_budget_bytes{mode="all"}=4400000000;ravel_memory_reserved_bytes{mode="all",component="sql"}=2847876336;ravel_memory_reserved_bytes{mode="all",component="fetch"}=280680837;ravel_memory_handoff_overlap_bytes{mode="all"}=280680837
1791483461.463	1	2716148016	2745769984	6309388288	0	0	2691650939	0	0	4400000000	2691650939	3617737349	5755129856	5679849472	1	ravel_process_allocator_bytes{mode="all",allocator="jemalloc",stat="allocated"}=2716148016;ravel_process_allocator_bytes{mode="all",allocator="jemalloc",stat="active"}=2745769984;ravel_process_allocator_bytes{mode="all",allocator="jemalloc",stat="resident"}=6309388288;ravel_process_allocator_background_thread{mode="all",allocator="jemalloc"}=1;ravel_cache_resident_bytes{mode="all",cache="fetch"}=2691650939;ravel_cache_resident_bytes{mode="all",cache="catalog"}=0;ravel_memory_budget_bytes{mode="all"}=4400000000;ravel_memory_reserved_bytes{mode="all",component="sql"}=0;ravel_memory_reserved_bytes{mode="all",component="fetch"}=0;ravel_memory_handoff_overlap_bytes{mode="all"}=0
1791483466.463	1	2716113328	2745753600	2823286784	0	0	2691650939	0	0	4400000000	2691650939	131635845	2891735040	2816454656	1	ravel_process_allocator_bytes{mode="all",allocator="jemalloc",stat="allocated"}=2716113328;ravel_process_allocator_bytes{mode="all",allocator="jemalloc",stat="active"}=2745753600;ravel_process_allocator_bytes{mode="all",allocator="jemalloc",stat="resident"}=2823286784;ravel_process_allocator_background_thread{mode="all",allocator="jemalloc"}=1;ravel_cache_resident_bytes{mode="all",cache="fetch"}=2691650939;ravel_cache_resident_bytes{mode="all",cache="catalog"}=0;ravel_memory_budget_bytes{mode="all"}=4400000000;ravel_memory_reserved_bytes{mode="all",component="sql"}=0;ravel_memory_reserved_bytes{mode="all",component="fetch"}=0;ravel_memory_handoff_overlap_bytes{mode="all"}=0
1791483471.463	1	2716088496	2745696256	2823286784	0	0	2691650939	0	0	4400000000	2691650939	131635845	2891735040	2816454656	1	ravel_process_allocator_bytes{mode="all",allocator="jemalloc",stat="allocated"}=2716088496;ravel_process_allocator_bytes{mode="all",allocator="jemalloc",stat="active"}=2745696256;ravel_process_allocator_bytes{mode="all",allocator="jemalloc",stat="resident"}=2823286784;ravel_process_allocator_background_thread{mode="all",allocator="jemalloc"}=1;ravel_cache_resident_bytes{mode="all",cache="fetch"}=2691650939;ravel_cache_resident_bytes{mode="all",cache="catalog"}=0;ravel_memory_budget_bytes{mode="all"}=4400000000;ravel_memory_reserved_bytes{mode="all",component="sql"}=0;ravel_memory_reserved_bytes{mode="all",component="fetch"}=0;ravel_memory_handoff_overlap_bytes{mode="all"}=0
1791483476.463	1	2715992392	2745540608	2802651136	0	0	2691650939	0	0	4400000000	2691650939	111000197	2871099392	2795819008	1	ravel_process_allocator_bytes{mode="all",allocator="jemalloc",stat="allocated"}=2715992392;ravel_process_allocator_bytes{mode="all",allocator="jemalloc",stat="active"}=2745540608;ravel_process_allocator_bytes{mode="all",allocator="jemalloc",stat="resident"}=2802651136;ravel_process_allocator_background_thread{mode="all",allocator="jemalloc"}=1;ravel_cache_resident_bytes{mode="all",cache="fetch"}=2691650939;ravel_cache_resident_bytes{mode="all",cache="catalog"}=0;ravel_memory_budget_bytes{mode="all"}=4400000000;ravel_memory_reserved_bytes{mode="all",component="sql"}=0;ravel_memory_reserved_bytes{mode="all",component="fetch"}=0;ravel_memory_handoff_overlap_bytes{mode="all"}=0
1791483481.463	1	2715848920	2745331712	2802868224	0	0	2691650939	0	0	4400000000	2691650939	111217285	2871238656	2795958272	1	ravel_process_allocator_bytes{mode="all",allocator="jemalloc",stat="allocated"}=2715848920;ravel_process_allocator_bytes{mode="all",allocator="jemalloc",stat="active"}=2745331712;ravel_process_allocator_bytes{mode="all",allocator="jemalloc",stat="resident"}=2802868224;ravel_process_allocator_background_thread{mode="all",allocator="jemalloc"}=1;ravel_cache_resident_bytes{mode="all",cache="fetch"}=2691650939;ravel_cache_resident_bytes{mode="all",cache="catalog"}=0;ravel_memory_budget_bytes{mode="all"}=4400000000;ravel_memory_reserved_bytes{mode="all",component="sql"}=0;ravel_memory_reserved_bytes{mode="all",component="fetch"}=0;ravel_memory_handoff_overlap_bytes{mode="all"}=0
1791483486.463	1	2715838592	2745262080	2803179520	0	0	2691650939	0	0	4400000000	2691650939	111528581	2871472128	2796191744	1	ravel_process_allocator_bytes{mode="all",allocator="jemalloc",stat="allocated"}=2715838592;ravel_process_allocator_bytes{mode="all",allocator="jemalloc",stat="active"}=2745262080;ravel_process_allocator_bytes{mode="all",allocator="jemalloc",stat="resident"}=2803179520;ravel_process_allocator_background_thread{mode="all",allocator="jemalloc"}=1;ravel_cache_resident_bytes{mode="all",cache="fetch"}=2691650939;ravel_cache_resident_bytes{mode="all",cache="catalog"}=0;ravel_memory_budget_bytes{mode="all"}=4400000000;ravel_memory_reserved_bytes{mode="all",component="sql"}=0;ravel_memory_reserved_bytes{mode="all",component="fetch"}=0;ravel_memory_handoff_overlap_bytes{mode="all"}=0
1791483491.463	1	2715854432	2745282560	2802663424	0	0	2691650939	0	0	4400000000	2691650939	111012485	2871029760	2795749376	1	ravel_process_allocator_bytes{mode="all",allocator="jemalloc",stat="allocated"}=2715854432;ravel_process_allocator_bytes{mode="all",allocator="jemalloc",stat="active"}=2745282560;ravel_process_allocator_bytes{mode="all",allocator="jemalloc",stat="resident"}=2802663424;ravel_process_allocator_background_thread{mode="all",allocator="jemalloc"}=1;ravel_cache_resident_bytes{mode="all",cache="fetch"}=2691650939;ravel_cache_resident_bytes{mode="all",cache="catalog"}=0;ravel_memory_budget_bytes{mode="all"}=4400000000;ravel_memory_reserved_bytes{mode="all",component="sql"}=0;ravel_memory_reserved_bytes{mode="all",component="fetch"}=0;ravel_memory_handoff_overlap_bytes{mode="all"}=0
1791483496.463	1	2715732192	2745126912	2802663424	0	0	2691650939	0	0	4400000000	2691650939	111012485	2871029760	2795749376	1	ravel_process_allocator_bytes{mode="all",allocator="jemalloc",stat="allocated"}=2715732192;ravel_process_allocator_bytes{mode="all",allocator="jemalloc",stat="active"}=2745126912;ravel_process_allocator_bytes{mode="all",allocator="jemalloc",stat="resident"}=2802663424;ravel_process_allocator_background_thread{mode="all",allocator="jemalloc"}=1;ravel_cache_resident_bytes{mode="all",cache="fetch"}=2691650939;ravel_cache_resident_bytes{mode="all",cache="catalog"}=0;ravel_memory_budget_bytes{mode="all"}=4400000000;ravel_memory_reserved_bytes{mode="all",component="sql"}=0;ravel_memory_reserved_bytes{mode="all",component="fetch"}=0;ravel_memory_handoff_overlap_bytes{mode="all"}=0
1791483501.463	1	2715723568	2745069568	2802585600	0	0	2691650939	0	0	4400000000	2691650939	110934661	2870951936	2795671552	1	ravel_process_allocator_bytes{mode="all",allocator="jemalloc",stat="allocated"}=2715723568;ravel_process_allocator_bytes{mode="all",allocator="jemalloc",stat="active"}=2745069568;ravel_process_allocator_bytes{mode="all",allocator="jemalloc",stat="resident"}=2802585600;ravel_process_allocator_background_thread{mode="all",allocator="jemalloc"}=1;ravel_cache_resident_bytes{mode="all",cache="fetch"}=2691650939;ravel_cache_resident_bytes{mode="all",cache="catalog"}=0;ravel_memory_budget_bytes{mode="all"}=4400000000;ravel_memory_reserved_bytes{mode="all",component="sql"}=0;ravel_memory_reserved_bytes{mode="all",component="fetch"}=0;ravel_memory_handoff_overlap_bytes{mode="all"}=0
1791483506.463	1	2715707072	2745004032	2802532352	0	0	2691650939	0	0	4400000000	2691650939	110881413	2870898688	2795618304	1	ravel_process_allocator_bytes{mode="all",allocator="jemalloc",stat="allocated"}=2715707072;ravel_process_allocator_bytes{mode="all",allocator="jemalloc",stat="active"}=2745004032;ravel_process_allocator_bytes{mode="all",allocator="jemalloc",stat="resident"}=2802532352;ravel_process_allocator_background_thread{mode="all",allocator="jemalloc"}=1;ravel_cache_resident_bytes{mode="all",cache="fetch"}=2691650939;ravel_cache_resident_bytes{mode="all",cache="catalog"}=0;ravel_memory_budget_bytes{mode="all"}=4400000000;ravel_memory_reserved_bytes{mode="all",component="sql"}=0;ravel_memory_reserved_bytes{mode="all",component="fetch"}=0;ravel_memory_handoff_overlap_bytes{mode="all"}=0
1791483511.463	1	2715594264	2744877056	2802458624	0	0	2691650939	0	0	4400000000	2691650939	110807685	2870824960	2795544576	1	ravel_process_allocator_bytes{mode="all",allocator="jemalloc",stat="allocated"}=2715594264;ravel_process_allocator_bytes{mode="all",allocator="jemalloc",stat="active"}=2744877056;ravel_process_allocator_bytes{mode="all",allocator="jemalloc",stat="resident"}=2802458624;ravel_process_allocator_background_thread{mode="all",allocator="jemalloc"}=1;ravel_cache_resident_bytes{mode="all",cache="fetch"}=2691650939;ravel_cache_resident_bytes{mode="all",cache="catalog"}=0;ravel_memory_budget_bytes{mode="all"}=4400000000;ravel_memory_reserved_bytes{mode="all",component="sql"}=0;ravel_memory_reserved_bytes{mode="all",component="fetch"}=0;ravel_memory_handoff_overlap_bytes{mode="all"}=0
1791483516.463	1	2715620184	2744807424	2802425856	0	0	2691650939	0	0	4400000000	2691650939	110774917	2870771712	2795491328	1	ravel_process_allocator_bytes{mode="all",allocator="jemalloc",stat="allocated"}=2715620184;ravel_process_allocator_bytes{mode="all",allocator="jemalloc",stat="active"}=2744807424;ravel_process_allocator_bytes{mode="all",allocator="jemalloc",stat="resident"}=2802425856;ravel_process_allocator_background_thread{mode="all",allocator="jemalloc"}=1;ravel_cache_resident_bytes{mode="all",cache="fetch"}=2691650939;ravel_cache_resident_bytes{mode="all",cache="catalog"}=0;ravel_memory_budget_bytes{mode="all"}=4400000000;ravel_memory_reserved_bytes{mode="all",component="sql"}=0;ravel_memory_reserved_bytes{mode="all",component="fetch"}=0;ravel_memory_handoff_overlap_bytes{mode="all"}=0
1791483521.463	1	2715587760	2744721408	2802569216	0	0	2691650939	0	0	4400000000	2691650939	110918277	2870837248	2795556864	1	ravel_process_allocator_bytes{mode="all",allocator="jemalloc",stat="allocated"}=2715587760;ravel_process_allocator_bytes{mode="all",allocator="jemalloc",stat="active"}=2744721408;ravel_process_allocator_bytes{mode="all",allocator="jemalloc",stat="resident"}=2802569216;ravel_process_allocator_background_thread{mode="all",allocator="jemalloc"}=1;ravel_cache_resident_bytes{mode="all",cache="fetch"}=2691650939;ravel_cache_resident_bytes{mode="all",cache="catalog"}=0;ravel_memory_budget_bytes{mode="all"}=4400000000;ravel_memory_reserved_bytes{mode="all",component="sql"}=0;ravel_memory_reserved_bytes{mode="all",component="fetch"}=0;ravel_memory_handoff_overlap_bytes{mode="all"}=0
1791483526.463	1	2715573704	2744721408	2801922048	0	0	2691650939	0	0	4400000000	2691650939	110271109	2870349824	2795069440	1	ravel_process_allocator_bytes{mode="all",allocator="jemalloc",stat="allocated"}=2715573704;ravel_process_allocator_bytes{mode="all",allocator="jemalloc",stat="active"}=2744721408;ravel_process_allocator_bytes{mode="all",allocator="jemalloc",stat="resident"}=2801922048;ravel_process_allocator_background_thread{mode="all",allocator="jemalloc"}=1;ravel_cache_resident_bytes{mode="all",cache="fetch"}=2691650939;ravel_cache_resident_bytes{mode="all",cache="catalog"}=0;ravel_memory_budget_bytes{mode="all"}=4400000000;ravel_memory_reserved_bytes{mode="all",component="sql"}=0;ravel_memory_reserved_bytes{mode="all",component="fetch"}=0;ravel_memory_handoff_overlap_bytes{mode="all"}=0
1791483531.463	1	2715541864	2744651776	2802094080	0	0	2691650939	0	0	4400000000	2691650939	110443141	2870444032	2795163648	1	ravel_process_allocator_bytes{mode="all",allocator="jemalloc",stat="allocated"}=2715541864;ravel_process_allocator_bytes{mode="all",allocator="jemalloc",stat="active"}=2744651776;ravel_process_allocator_bytes{mode="all",allocator="jemalloc",stat="resident"}=2802094080;ravel_process_allocator_background_thread{mode="all",allocator="jemalloc"}=1;ravel_cache_resident_bytes{mode="all",cache="fetch"}=2691650939;ravel_cache_resident_bytes{mode="all",cache="catalog"}=0;ravel_memory_budget_bytes{mode="all"}=4400000000;ravel_memory_reserved_bytes{mode="all",component="sql"}=0;ravel_memory_reserved_bytes{mode="all",component="fetch"}=0;ravel_memory_handoff_overlap_bytes{mode="all"}=0
1791483536.463	1	2715552744	2744676352	2801803264	0	0	2691650939	0	0	4400000000	2691650939	110152325	2870235136	2794954752	1	ravel_process_allocator_bytes{mode="all",allocator="jemalloc",stat="allocated"}=2715552744;ravel_process_allocator_bytes{mode="all",allocator="jemalloc",stat="active"}=2744676352;ravel_process_allocator_bytes{mode="all",allocator="jemalloc",stat="resident"}=2801803264;ravel_process_allocator_background_thread{mode="all",allocator="jemalloc"}=1;ravel_cache_resident_bytes{mode="all",cache="fetch"}=2691650939;ravel_cache_resident_bytes{mode="all",cache="catalog"}=0;ravel_memory_budget_bytes{mode="all"}=4400000000;ravel_memory_reserved_bytes{mode="all",component="sql"}=0;ravel_memory_reserved_bytes{mode="all",component="fetch"}=0;ravel_memory_handoff_overlap_bytes{mode="all"}=0
1791483541.463	1	2715383032	2744565760	2802073600	0	0	2691650939	0	0	4400000000	2691650939	110422661	2870423552	2795143168	1	ravel_process_allocator_bytes{mode="all",allocator="jemalloc",stat="allocated"}=2715383032;ravel_process_allocator_bytes{mode="all",allocator="jemalloc",stat="active"}=2744565760;ravel_process_allocator_bytes{mode="all",allocator="jemalloc",stat="resident"}=2802073600;ravel_process_allocator_background_thread{mode="all",allocator="jemalloc"}=1;ravel_cache_resident_bytes{mode="all",cache="fetch"}=2691650939;ravel_cache_resident_bytes{mode="all",cache="catalog"}=0;ravel_memory_budget_bytes{mode="all"}=4400000000;ravel_memory_reserved_bytes{mode="all",component="sql"}=0;ravel_memory_reserved_bytes{mode="all",component="fetch"}=0;ravel_memory_handoff_overlap_bytes{mode="all"}=0
1791483546.463	1	2715414152	2744573952	2802069504	0	0	2691650939	0	0	4400000000	2691650939	110418565	2870419456	2795139072	1	ravel_process_allocator_bytes{mode="all",allocator="jemalloc",stat="allocated"}=2715414152;ravel_process_allocator_bytes{mode="all",allocator="jemalloc",stat="active"}=2744573952;ravel_process_allocator_bytes{mode="all",allocator="jemalloc",stat="resident"}=2802069504;ravel_process_allocator_background_thread{mode="all",allocator="jemalloc"}=1;ravel_cache_resident_bytes{mode="all",cache="fetch"}=2691650939;ravel_cache_resident_bytes{mode="all",cache="catalog"}=0;ravel_memory_budget_bytes{mode="all"}=4400000000;ravel_memory_reserved_bytes{mode="all",component="sql"}=0;ravel_memory_reserved_bytes{mode="all",component="fetch"}=0;ravel_memory_handoff_overlap_bytes{mode="all"}=0
1791483551.463	1	2715390576	2744573952	2802311168	0	0	2691650939	0	0	4400000000	2691650939	110660229	2870579200	2795298816	1	ravel_process_allocator_bytes{mode="all",allocator="jemalloc",stat="allocated"}=2715390576;ravel_process_allocator_bytes{mode="all",allocator="jemalloc",stat="active"}=2744573952;ravel_process_allocator_bytes{mode="all",allocator="jemalloc",stat="resident"}=2802311168;ravel_process_allocator_background_thread{mode="all",allocator="jemalloc"}=1;ravel_cache_resident_bytes{mode="all",cache="fetch"}=2691650939;ravel_cache_resident_bytes{mode="all",cache="catalog"}=0;ravel_memory_budget_bytes{mode="all"}=4400000000;ravel_memory_reserved_bytes{mode="all",component="sql"}=0;ravel_memory_reserved_bytes{mode="all",component="fetch"}=0;ravel_memory_handoff_overlap_bytes{mode="all"}=0
1791483556.463	1	2715366256	2744553472	2802016256	0	0	2691650939	0	0	4400000000	2691650939	110365317	2870386688	2795106304	1	ravel_process_allocator_bytes{mode="all",allocator="jemalloc",stat="allocated"}=2715366256;ravel_process_allocator_bytes{mode="all",allocator="jemalloc",stat="active"}=2744553472;ravel_process_allocator_bytes{mode="all",allocator="jemalloc",stat="resident"}=2802016256;ravel_process_allocator_background_thread{mode="all",allocator="jemalloc"}=1;ravel_cache_resident_bytes{mode="all",cache="fetch"}=2691650939;ravel_cache_resident_bytes{mode="all",cache="catalog"}=0;ravel_memory_budget_bytes{mode="all"}=4400000000;ravel_memory_reserved_bytes{mode="all",component="sql"}=0;ravel_memory_reserved_bytes{mode="all",component="fetch"}=0;ravel_memory_handoff_overlap_bytes{mode="all"}=0
1791483561.463	1	2715344832	2744504320	2801635328	0	0	2691650939	0	0	4400000000	2691650939	109984389	2870087680	2794807296	1	ravel_process_allocator_bytes{mode="all",allocator="jemalloc",stat="allocated"}=2715344832;ravel_process_allocator_bytes{mode="all",allocator="jemalloc",stat="active"}=2744504320;ravel_process_allocator_bytes{mode="all",allocator="jemalloc",stat="resident"}=2801635328;ravel_process_allocator_background_thread{mode="all",allocator="jemalloc"}=1;ravel_cache_resident_bytes{mode="all",cache="fetch"}=2691650939;ravel_cache_resident_bytes{mode="all",cache="catalog"}=0;ravel_memory_budget_bytes{mode="all"}=4400000000;ravel_memory_reserved_bytes{mode="all",component="sql"}=0;ravel_memory_reserved_bytes{mode="all",component="fetch"}=0;ravel_memory_handoff_overlap_bytes{mode="all"}=0
1791483566.463	1	2715340704	2744492032	2801631232	0	0	2691650939	0	0	4400000000	2691650939	109980293	2870296576	2795016192	1	ravel_process_allocator_bytes{mode="all",allocator="jemalloc",stat="allocated"}=2715340704;ravel_process_allocator_bytes{mode="all",allocator="jemalloc",stat="active"}=2744492032;ravel_process_allocator_bytes{mode="all",allocator="jemalloc",stat="resident"}=2801631232;ravel_process_allocator_background_thread{mode="all",allocator="jemalloc"}=1;ravel_cache_resident_bytes{mode="all",cache="fetch"}=2691650939;ravel_cache_resident_bytes{mode="all",cache="catalog"}=0;ravel_memory_budget_bytes{mode="all"}=4400000000;ravel_memory_reserved_bytes{mode="all",component="sql"}=0;ravel_memory_reserved_bytes{mode="all",component="fetch"}=0;ravel_memory_handoff_overlap_bytes{mode="all"}=0
1791483571.463	1	2715340304	2744475648	2801889280	0	0	2691650939	0	0	4400000000	2691650939	110238341	2870263808	2794983424	1	ravel_process_allocator_bytes{mode="all",allocator="jemalloc",stat="allocated"}=2715340304;ravel_process_allocator_bytes{mode="all",allocator="jemalloc",stat="active"}=2744475648;ravel_process_allocator_bytes{mode="all",allocator="jemalloc",stat="resident"}=2801889280;ravel_process_allocator_background_thread{mode="all",allocator="jemalloc"}=1;ravel_cache_resident_bytes{mode="all",cache="fetch"}=2691650939;ravel_cache_resident_bytes{mode="all",cache="catalog"}=0;ravel_memory_budget_bytes{mode="all"}=4400000000;ravel_memory_reserved_bytes{mode="all",component="sql"}=0;ravel_memory_reserved_bytes{mode="all",component="fetch"}=0;ravel_memory_handoff_overlap_bytes{mode="all"}=0
1791483576.463	1	2715380208	2744508416	2801876992	0	0	2691650939	0	0	4400000000	2691650939	110226053	2870263808	2794983424	1	ravel_process_allocator_bytes{mode="all",allocator="jemalloc",stat="allocated"}=2715380208;ravel_process_allocator_bytes{mode="all",allocator="jemalloc",stat="active"}=2744508416;ravel_process_allocator_bytes{mode="all",allocator="jemalloc",stat="resident"}=2801876992;ravel_process_allocator_background_thread{mode="all",allocator="jemalloc"}=1;ravel_cache_resident_bytes{mode="all",cache="fetch"}=2691650939;ravel_cache_resident_bytes{mode="all",cache="catalog"}=0;ravel_memory_budget_bytes{mode="all"}=4400000000;ravel_memory_reserved_bytes{mode="all",component="sql"}=0;ravel_memory_reserved_bytes{mode="all",component="fetch"}=0;ravel_memory_handoff_overlap_bytes{mode="all"}=0
1791483581.463	1	2715467448	2744528896	2801913856	0	0	2691650939	0	0	4400000000	2691650939	110262917	2870263808	2794983424	1	ravel_process_allocator_bytes{mode="all",allocator="jemalloc",stat="allocated"}=2715467448;ravel_process_allocator_bytes{mode="all",allocator="jemalloc",stat="active"}=2744528896;ravel_process_allocator_bytes{mode="all",allocator="jemalloc",stat="resident"}=2801913856;ravel_process_allocator_background_thread{mode="all",allocator="jemalloc"}=1;ravel_cache_resident_bytes{mode="all",cache="fetch"}=2691650939;ravel_cache_resident_bytes{mode="all",cache="catalog"}=0;ravel_memory_budget_bytes{mode="all"}=4400000000;ravel_memory_reserved_bytes{mode="all",component="sql"}=0;ravel_memory_reserved_bytes{mode="all",component="fetch"}=0;ravel_memory_handoff_overlap_bytes{mode="all"}=0
1791483586.463	0															scrape_error=URLError
# 1791483586.463 pid 3612266 gone
